"fips","State","County","1999","2000","2001","2002","2003","2004","2005","2006","2007","2008","2009","2010","2011","2012","2013","2014","2015","2016","2017","2018","2019","2020-2050"
"1001","AL","Autauga County",0,0,0,0,0,0,0,0,0,0,0,0,99954.2756216931,0,0,0,0,0,0,0,0,0
"1009","AL","Blount County",0,0,0,0,0,0,0,0,0,0,0,0,858526.275621693,0,0,0,0,0,0,0,0,0
"1015","AL","Calhoun County",0,0,0,0,0,0,0,0,0,0,0,0,99954.2756216931,0,0,0,0,0,0,0,0,0
"1019","AL","Cherokee County",0,0,0,0,0,0,0,0,0,0,0,0,99954.2756216931,0,0,0,0,0,0,0,0,0
"1023","AL","Choctaw County",0,0,0,0,0,0,0,0,0,0,0,0,99954.2756216931,0,0,0,0,0,0,0,0,0
"1025","AL","Clarke County",0,0,0,0,0,0,0,0,0,0,0,0,99954.2756216931,0,0,0,0,0,0,0,0,0
"1033","AL","Colbert County",0,0,0,0,0,0,0,0,0,0,0,0,99954.2756216931,0,0,0,0,0,0,0,0,0
"1043","AL","Cullman County",0,0,0,0,0,0,0,0,0,0,0,0,7364620.29,0,0,0,0,0,0,0,0,0
"1049","AL","DeKalb County",0,0,0,0,0,0,0,0,0,0,0,0,2301994.10812169,0,0,0,0,0,0,0,0,0
"1051","AL","Elmore County",0,0,0,0,0,0,0,0,0,0,0,0,99954.2756216931,0,0,0,0,0,0,0,0,0
"1055","AL","Etowah County",0,0,0,0,0,0,0,0,0,0,0,0,99954.2756216931,0,0,0,0,0,0,0,0,0
"1059","AL","Franklin County",0,0,0,0,0,0,0,0,0,0,0,0,4672680.64740741,0,0,0,0,0,0,0,0,0
"1063","AL","Greene County",0,0,0,0,0,0,0,0,0,0,0,0,99954.2756216931,0,0,0,0,0,0,0,0,0
"1065","AL","Hale County",0,0,0,0,0,0,0,0,0,0,0,0,623830.275621693,0,0,0,0,0,0,0,0,0
"1071","AL","Jackson County",0,0,0,0,0,0,0,0,0,0,0,0,99954.2756216931,0,0,0,0,0,0,0,0,0
"1073","AL","Jefferson County",0,0,0,0,0,0,0,0,0,0,0,0,43882820.5981217,0,0,0,0,0,0,0,0,0
"1079","AL","Lawrence County",0,0,0,0,0,0,0,0,0,0,0,0,1068434.27562169,0,0,0,0,0,0,0,0,0
"1083","AL","Limestone County",0,0,0,0,0,0,0,0,0,0,0,0,99954.2756216931,0,0,0,0,0,0,0,0,0
"1089","AL","Madison County",0,0,0,0,0,0,0,0,0,0,0,0,99954.2756216931,0,0,0,0,0,0,0,0,0
"1091","AL","Marengo County",0,0,0,0,0,0,0,0,0,0,0,0,99954.2756216931,0,0,0,0,0,0,0,0,0
"1093","AL","Marion County",0,0,0,0,0,0,0,0,0,0,0,0,11710035.4381217,0,0,0,0,0,0,0,0,0
"1095","AL","Marshall County",0,0,0,0,0,0,0,0,0,0,0,0,491467.275621693,0,0,0,0,0,0,0,0,0
"1101","AL","Montgomery County",0,0,0,0,0,0,0,0,0,0,0,0,3692748,0,0,0,0,0,0,0,0,0
"1103","AL","Morgan County",0,0,0,0,0,0,0,0,0,0,0,0,1238147.36,0,0,0,0,0,0,0,0,0
"1105","AL","Perry County",0,0,0,0,0,0,0,0,0,0,0,0,99954.2756216931,0,0,0,0,0,0,0,0,0
"1107","AL","Pickens County",0,0,0,0,0,0,0,0,0,0,0,0,99954.2756216931,0,0,0,0,0,0,0,0,0
"1115","AL","St. Clair County",0,0,0,0,0,0,0,0,0,0,0,0,1098.78821428571,0,0,0,0,0,0,0,0,0
"1117","AL","Shelby County",0,0,0,0,0,0,0,0,0,0,0,0,99954.2756216931,0,0,0,0,0,0,0,0,0
"1119","AL","Sumter County",0,0,0,0,0,0,0,0,0,0,0,0,99954.2756216931,0,0,0,0,0,0,0,0,0
"1121","AL","Talladega County",0,0,0,0,0,0,0,0,0,0,0,0,99954.2756216931,0,0,0,0,0,0,0,0,0
"1125","AL","Tuscaloosa County",0,0,0,0,0,0,0,0,0,0,0,0,233175599.230714,0,0,0,0,0,0,0,0,0
"1127","AL","Walker County",0,0,0,0,0,0,0,0,0,0,0,0,5198469.27562169,0,0,0,0,0,0,0,0,0
"1133","AL","Winston County",0,0,0,0,0,0,0,0,0,0,0,0,912200.07,0,0,0,0,0,0,0,0,0
"12001","FL","Alachua County",0,0,0,0,0,0,0,0,0,441601.73,0,0,0,0,0,0,0,0,0,0,0,0
"12003","FL","Baker County",0,0,0,0,0,0,0,0,0,395778,0,0,0,0,0,0,0,0,0,0,0,0
"12005","FL","Bay County",0,0,0,0,0,0,0,0,0,1648802.4,0,0,0,0,0,0,0,0,0,0,0,0
"12009","FL","Brevard County",0,0,0,0,0,0,1328303.25,0,0,8413499.48,0,0,0,0,0,0,0,0,0,0,0,0
"12011","FL","Broward County",0,0,0,0,0,0,43493281.78,0,0,647577,0,0,0,0,0,0,0,0,0,0,0,0
"12013","FL","Calhoun County",0,0,0,0,0,0,0,0,0,682088.62,0,0,0,0,0,0,0,0,0,0,0,0
"12019","FL","Clay County",0,0,0,0,0,0,0,0,0,297039.87,0,0,0,0,0,0,0,0,0,0,0,0
"12021","FL","Collier County",0,0,0,0,0,0,4667647.82,0,0,11257294.79,0,0,0,0,0,0,0,0,0,0,0,0
"12033","FL","Escambia County",0,0,0,0,0,0,0,0,0,9210147.74,0,0,0,0,0,0,0,0,0,0,0,0
"12035","FL","Flagler County",0,0,0,0,0,0,0,0,0,1148021.67,0,0,0,0,0,0,0,0,0,0,0,0
"12037","FL","Franklin County",0,0,0,0,0,0,0,0,0,417633.1,0,0,0,0,0,0,0,0,0,0,0,0
"12039","FL","Gadsden County",0,0,0,0,0,0,0,0,0,342231.13,0,0,0,0,0,0,0,0,0,0,0,0
"12043","FL","Glades County",0,0,0,0,0,0,1446562.52,0,0,274022.87,0,0,0,0,0,0,0,0,0,0,0,0
"12045","FL","Gulf County",0,0,0,0,0,0,0,0,0,3321215.51,0,0,0,0,0,0,0,0,0,0,0,0
"12049","FL","Hardee County",0,0,0,0,0,0,0,0,0,851167.3,0,0,0,0,0,0,0,0,0,0,0,0
"12051","FL","Hendry County",0,0,0,0,0,0,7197940.5,0,0,383616.03,0,0,0,0,0,0,0,0,0,0,0,0
"12055","FL","Highlands County",0,0,0,0,0,0,0,0,0,258395.16,0,0,0,0,0,0,0,0,0,0,0,0
"12061","FL","Indian River County",0,0,0,0,0,0,176828.88,0,0,0,0,0,0,0,0,0,0,0,0,0,0,0
"12063","FL","Jackson County",0,0,0,0,0,0,0,0,0,7488080.84,0,0,0,0,0,0,0,0,0,0,0,0
"12065","FL","Jefferson County",0,0,0,0,0,0,0,0,0,192183.22,0,0,0,0,0,0,0,0,0,0,0,0
"12069","FL","Lake County",0,0,0,0,0,0,554680.57,0,0,403293,0,0,0,0,0,0,0,0,0,0,0,0
"12071","FL","Lee County",0,0,0,0,0,0,2375332.26,0,0,0,0,0,0,0,0,0,0,0,0,0,0,0
"12073","FL","Leon County",0,0,0,0,0,0,1042480.89,0,0,13040062.16,0,0,0,0,0,0,0,0,0,0,0,0
"12085","FL","Martin County",0,0,0,0,0,0,2787289.29,0,0,747329,0,0,0,0,0,0,0,0,0,0,0,0
"12086","FL","Miami-Dade County",0,0,0,0,0,0,41108580.46,0,0,634548.91,0,0,0,0,0,0,0,0,0,0,0,0
"12087","FL","Monroe County",0,0,0,0,0,0,23252970.92,0,0,3133719.43,0,0,0,0,0,0,0,0,0,0,0,0
"12089","FL","Nassau County",0,0,0,0,0,0,0,0,0,909497.21,0,0,0,0,0,0,0,0,0,0,0,0
"12091","FL","Okaloosa County",0,0,0,0,0,0,0,0,0,927269.3,0,0,0,0,0,0,0,0,0,0,0,0
"12093","FL","Okeechobee County",0,0,0,0,0,0,1880866.19,0,0,620666.15,0,0,0,0,0,0,0,0,0,0,0,0
"12097","FL","Osceola County",0,0,0,0,0,0,0,0,0,254484.27,0,0,0,0,0,0,0,0,0,0,0,0
"12099","FL","Palm Beach County",0,0,0,0,0,0,36300082.27,0,0,8427874.26,0,0,0,0,0,0,0,0,0,0,0,0
"12107","FL","Putnam County",0,0,0,0,0,0,0,0,0,1567459.63,0,0,0,0,0,0,0,0,0,0,0,0
"12109","FL","St. Johns County",0,0,0,0,0,0,0,0,0,1760963.5,0,0,0,0,0,0,0,0,0,0,0,0
"12111","FL","St. Lucie County",0,0,0,0,0,0,6542995.6,0,0,10492482.42,0,0,0,0,0,0,0,0,0,0,0,0
"12113","FL","Santa Rosa County",0,0,0,0,0,0,0,0,0,781442.55,0,0,0,0,0,0,0,0,0,0,0,0
"12115","FL","Sarasota County",0,0,0,0,0,0,195040,0,0,2903407.54,0,0,0,0,0,0,0,0,0,0,0,0
"12117","FL","Seminole County",0,0,0,0,0,0,0,0,0,177949.63,0,0,0,0,0,0,0,0,0,0,0,0
"12127","FL","Volusia County",0,0,0,0,0,0,0,0,0,4594279.46,0,0,0,0,0,0,0,0,0,0,0,0
"12129","FL","Wakulla County",0,0,0,0,0,0,0,0,0,450153.19,0,0,0,0,0,0,0,0,0,0,0,0
"13015","GA","Bartow County",0,0,0,0,0,0,0,0,0,745897,0,0,0,0,0,0,0,0,0,0,0,0
"13121","GA","Fulton County",0,0,0,0,0,0,0,0,0,715741.81,0,0,0,0,0,0,0,0,0,0,0,0
"13127","GA","Glynn County",0,0,0,0,0,0,0,0,0,220000,0,0,0,0,0,0,0,0,0,0,0,0
"13191","GA","McIntosh County",0,0,0,0,0,0,0,0,0,1289257.15,0,0,0,0,0,0,0,0,0,0,0,0
"13193","GA","Macon County",0,0,0,0,0,0,0,0,0,1482846.86,0,0,0,0,0,0,0,0,0,0,0,0
"17001","IL","Adams County",0,0,0,0,0,0,0,0,0,0,0,0,0,0,0,0,0,0,0,0,0,0
"17011","IL","Bureau County",0,0,0,0,0,0,0,0,0,0,0,0,0,0,0,0,0,0,0,0,0,0
"17013","IL","Calhoun County",0,0,0,0,0,0,0,0,0,0,0,0,0,0,0,0,0,0,0,0,0,0
"17015","IL","Carroll County",0,0,0,0,0,0,0,0,0,0,0,0,0,0,0,0,0,0,0,0,0,0
"17017","IL","Cass County",0,0,0,0,0,0,0,0,0,0,0,0,0,0,365134,0,0,0,0,0,0,0
"17023","IL","Clark County",0,0,0,0,0,0,0,0,0,0,0,0,0,0,0,0,0,0,0,0,0,0
"17025","IL","Clay County",0,0,0,0,0,0,0,0,0,0,0,0,0,0,0,0,0,0,0,0,0,0
"17029","IL","Coles County",0,0,0,0,0,0,0,0,0,0,0,0,0,0,0,0,0,0,0,0,0,0
"17031","IL","Cook County",0,0,0,0,0,0,0,0,0,0,0,0,0,0,120129789.1,0,0,0,0,0,0,0
"17033","IL","Crawford County",0,0,0,0,0,0,0,0,0,0,0,0,0,0,0,0,0,0,0,0,0,0
"17035","IL","Cumberland County",0,0,0,0,0,0,0,0,0,0,0,0,0,0,0,0,0,0,0,0,0,0
"17037","IL","DeKalb County",0,0,0,0,0,0,0,0,0,0,0,0,0,0,0,0,0,0,0,0,0,0
"17041","IL","Douglas County",0,0,0,0,0,0,0,0,0,0,0,0,0,0,0,0,0,0,0,0,0,0
"17043","IL","DuPage County",0,0,0,0,0,0,0,0,0,0,0,0,0,0,31526000,0,0,0,0,0,0,0
"17045","IL","Edgar County",0,0,0,0,0,0,0,0,0,0,0,0,0,0,0,0,0,0,0,0,0,0
"17053","IL","Ford County",0,0,0,0,0,0,0,0,0,0,0,0,0,0,0,0,0,0,0,0,0,0
"17057","IL","Fulton County",0,0,0,0,0,0,0,0,0,0,0,0,0,0,1790000,0,0,0,0,0,0,0
"17061","IL","Greene County",0,0,0,0,0,0,0,0,0,0,0,0,0,0,0,0,0,0,0,0,0,0
"17063","IL","Grundy County",0,0,0,0,0,0,0,0,0,0,0,0,0,0,0,0,0,0,0,0,0,0
"17067","IL","Hancock County",0,0,0,0,0,0,0,0,0,0,0,0,0,0,0,0,0,0,0,0,0,0
"17071","IL","Henderson County",0,0,0,0,0,0,0,0,0,0,0,0,0,0,0,0,0,0,0,0,0,0
"17075","IL","Iroquois County",0,0,0,0,0,0,0,0,0,0,0,0,0,0,0,0,0,0,0,0,0,0
"17077","IL","Jackson County",0,0,0,0,0,0,0,0,0,0,0,0,0,0,1e+06,0,0,0,0,0,0,0
"17079","IL","Jasper County",0,0,0,0,0,0,0,0,0,0,0,0,0,0,0,0,0,0,0,0,0,0
"17081","IL","Jefferson County",0,0,0,0,0,0,0,0,0,0,0,0,0,0,0,0,0,0,0,0,0,0
"17083","IL","Jersey County",0,0,0,0,0,0,0,0,0,0,0,0,0,0,0,0,0,0,0,0,0,0
"17089","IL","Kane County",0,0,0,0,0,0,0,0,0,0,0,0,0,0,0,0,0,0,0,0,0,0
"17093","IL","Kendall County",0,0,0,0,0,0,0,0,0,0,0,0,0,0,0,0,0,0,0,0,0,0
"17097","IL","Lake County",0,0,0,0,0,0,0,0,0,0,0,0,0,0,0,0,0,0,0,0,0,0
"17099","IL","LaSalle County",0,0,0,0,0,0,0,0,0,0,0,0,0,0,0,0,0,0,0,0,0,0
"17101","IL","Lawrence County",0,0,0,0,0,0,0,0,0,0,0,0,0,0,0,0,0,0,0,0,0,0
"17105","IL","Livingston County",0,0,0,0,0,0,0,0,0,0,0,0,0,0,0,0,0,0,0,0,0,0
"17109","IL","McDonough County",0,0,0,0,0,0,0,0,0,0,0,0,0,0,1828993,0,0,0,0,0,0,0
"17117","IL","Macoupin County",0,0,0,0,0,0,0,0,0,0,0,0,0,0,0,0,0,0,0,0,0,0
"17119","IL","Madison County",0,0,0,0,0,0,0,0,0,0,0,0,0,0,0,0,0,0,0,0,0,0
"17123","IL","Marshall County",0,0,0,0,0,0,0,0,0,0,0,0,0,0,0,0,0,0,0,0,0,0
"17131","IL","Mercer County",0,0,0,0,0,0,0,0,0,0,0,0,0,0,0,0,0,0,0,0,0,0
"17133","IL","Monroe County",0,0,0,0,0,0,0,0,0,0,0,0,0,0,0,0,0,0,0,0,0,0
"17135","IL","Montgomery County",0,0,0,0,0,0,0,0,0,0,0,0,0,0,0,0,0,0,0,0,0,0
"17141","IL","Ogle County",0,0,0,0,0,0,0,0,0,0,0,0,0,0,0,0,0,0,0,0,0,0
"17143","IL","Peoria County",0,0,0,0,0,0,0,0,0,0,0,0,0,0,0,0,0,0,0,0,0,0
"17149","IL","Pike County",0,0,0,0,0,0,0,0,0,0,0,0,0,0,0,0,0,0,0,0,0,0
"17155","IL","Putnam County",0,0,0,0,0,0,0,0,0,0,0,0,0,0,0,0,0,0,0,0,0,0
"17157","IL","Randolph County",0,0,0,0,0,0,0,0,0,0,0,0,0,0,0,0,0,0,0,0,0,0
"17161","IL","Rock Island County",0,0,0,0,0,0,0,0,0,0,0,0,0,0,0,0,0,0,0,0,0,0
"17163","IL","St. Clair County",0,0,0,0,0,0,0,0,0,0,0,0,0,0,0,0,0,0,0,0,0,0
"17167","IL","Sangamon County",0,0,0,0,0,0,0,0,0,0,0,0,0,0,520000,0,0,0,0,0,0,0
"17171","IL","Scott County",0,0,0,0,0,0,0,0,0,0,0,0,0,0,0,0,0,0,0,0,0,0
"17173","IL","Shelby County",0,0,0,0,0,0,0,0,0,0,0,0,0,0,6e+05,0,0,0,0,0,0,0
"17183","IL","Vermilion County",0,0,0,0,0,0,0,0,0,0,0,0,0,0,0,0,0,0,0,0,0,0
"17193","IL","White County",0,0,0,0,0,0,0,0,0,0,0,0,0,0,408684,0,0,0,0,0,0,0
"17195","IL","Whiteside County",0,0,0,0,0,0,0,0,0,0,0,0,0,0,0,0,0,0,0,0,0,0
"17197","IL","Will County",0,0,0,0,0,0,0,0,0,0,0,0,0,0,3038110.71,0,0,0,0,0,0,0
"17199","IL","Williamson County",0,0,0,0,0,0,0,0,0,0,0,0,0,0,594500,0,0,0,0,0,0,0
"17201","IL","Winnebago County",0,0,0,0,0,0,0,0,0,0,0,0,0,0,0,0,0,0,0,0,0,0
"17203","IL","Woodford County",0,0,0,0,0,0,0,0,0,0,0,0,0,0,0,0,0,0,0,0,0,0
"18001","IN","Adams County",0,0,0,0,0,0,0,0,0,953081.16,0,0,0,0,0,0,0,0,0,0,0,0
"18003","IN","Allen County",0,0,0,0,0,0,0,0,0,188975,0,0,0,0,0,0,0,0,0,0,0,0
"18005","IN","Bartholomew County",0,0,0,0,0,0,0,0,0,20029494.98,0,0,0,0,0,0,0,0,0,0,0,0
"18007","IN","Benton County",0,0,0,0,0,0,0,0,0,2037795,0,0,0,0,0,0,0,0,0,0,0,0
"18013","IN","Brown County",0,0,0,0,0,0,0,0,0,6941657.37,0,0,0,0,0,0,0,0,0,0,0,0
"18015","IN","Carroll County",0,0,0,0,0,0,0,0,0,5957303.8,0,0,0,0,0,0,0,0,0,0,0,0
"18017","IN","Cass County",0,0,0,0,0,0,0,0,0,685488.33,0,0,0,0,0,0,0,0,0,0,0,0
"18019","IN","Clark County",0,0,0,0,0,0,0,0,0,2306366.15,0,0,0,0,0,0,0,0,0,0,0,0
"18021","IN","Clay County",0,0,0,0,0,0,0,0,0,5238962.68,0,0,0,0,0,0,0,0,0,0,0,0
"18023","IN","Clinton County",0,0,0,0,0,0,0,0,0,928011.91,0,0,0,0,0,0,0,0,0,0,0,0
"18025","IN","Crawford County",0,0,0,0,0,0,0,0,0,4050875.96,0,0,0,0,0,0,0,0,0,0,0,0
"18027","IN","Daviess County",0,0,0,0,0,0,0,0,0,1854904.25,0,0,0,0,0,0,0,0,0,0,0,0
"18029","IN","Dearborn County",0,0,0,0,0,0,0,0,0,4352480.384,0,0,0,0,0,0,0,0,0,0,0,0
"18031","IN","Decatur County",0,0,0,0,0,0,0,0,0,5871464.54,0,0,0,0,0,0,0,0,0,0,0,0
"18033","IN","DeKalb County",0,0,0,0,0,0,0,0,0,321876.41,0,0,0,0,0,0,0,0,0,0,0,0
"18035","IN","Delaware County",0,0,0,0,0,0,0,0,0,1675722.4,0,0,0,0,0,0,0,0,0,0,0,0
"18037","IN","Dubois County",0,0,0,0,0,0,0,0,0,1303009.92666667,0,0,0,0,0,0,0,0,0,0,0,0
"18039","IN","Elkhart County",0,0,0,0,0,0,0,0,0,3539611.05,0,0,0,0,0,0,0,0,0,0,0,0
"18041","IN","Fayette County",0,0,0,0,0,0,0,0,0,1275473.324,0,0,0,0,0,0,0,0,0,0,0,0
"18043","IN","Floyd County",0,0,0,0,0,0,0,0,0,3339311.5,0,0,0,0,0,0,0,0,0,0,0,0
"18045","IN","Fountain County",0,0,0,0,0,0,0,0,0,3003502.16,0,0,0,0,0,0,0,0,0,0,0,0
"18047","IN","Franklin County",0,0,0,0,0,0,0,0,0,5183121.786,0,0,0,0,0,0,0,0,0,0,0,0
"18049","IN","Fulton County",0,0,0,0,0,0,0,0,0,2727278.48,0,0,0,0,0,0,0,0,0,0,0,0
"18051","IN","Gibson County",0,0,0,0,0,0,0,0,0,13177101.91,0,0,0,0,0,0,0,0,0,0,0,0
"18053","IN","Grant County",0,0,0,0,0,0,0,0,0,3520429.56,0,0,0,0,0,0,0,0,0,0,0,0
"18055","IN","Greene County",0,0,0,0,0,0,0,0,0,3339507.23,0,0,0,0,0,0,0,0,0,0,0,0
"18057","IN","Hamilton County",0,0,0,0,0,0,0,0,0,1340000,0,0,0,0,0,0,0,0,0,0,0,0
"18059","IN","Hancock County",0,0,0,0,0,0,0,0,0,4546.804,0,0,0,0,0,0,0,0,0,0,0,0
"18061","IN","Harrison County",0,0,0,0,0,0,0,0,0,1516974.7,0,0,0,0,0,0,0,0,0,0,0,0
"18063","IN","Hendricks County",0,0,0,0,0,0,0,0,0,3565480.19,0,0,0,0,0,0,0,0,0,0,0,0
"18065","IN","Henry County",0,0,0,0,0,0,0,0,0,1788281.004,0,0,0,0,0,0,0,0,0,0,0,0
"18069","IN","Huntington County",0,0,0,0,0,0,0,0,0,639213,0,0,0,0,0,0,0,0,0,0,0,0
"18071","IN","Jackson County",0,0,0,0,0,0,0,0,0,2507768.06,0,0,0,0,0,0,0,0,0,0,0,0
"18073","IN","Jasper County",0,0,0,0,0,0,0,0,0,3644734.77,0,0,0,0,0,0,0,0,0,0,0,0
"18075","IN","Jay County",0,0,0,0,0,0,0,0,0,1427783.03,0,0,0,0,0,0,0,0,0,0,0,0
"18077","IN","Jefferson County",0,0,0,0,0,0,0,0,0,3221111.709,0,0,0,0,0,0,0,0,0,0,0,0
"18079","IN","Jennings County",0,0,0,0,0,0,0,0,0,14227766.47,0,0,0,0,0,0,0,0,0,0,0,0
"18081","IN","Johnson County",0,0,0,0,0,0,0,0,0,4477932.62,0,0,0,0,0,0,0,0,0,0,0,0
"18083","IN","Knox County",0,0,0,0,0,0,0,0,0,9834744.21,0,0,0,0,0,0,0,0,0,0,0,0
"18085","IN","Kosciusko County",0,0,0,0,0,0,0,0,0,2074943.62,0,0,0,0,0,0,0,0,0,0,0,0
"18089","IN","Lake County",0,0,0,0,0,0,0,0,0,14571798.78,0,0,0,0,0,0,0,0,0,0,0,0
"18091","IN","LaPorte County",0,0,0,0,0,0,0,0,0,737273.57,0,0,0,0,0,0,0,0,0,0,0,0
"18093","IN","Lawrence County",0,0,0,0,0,0,0,0,0,6313691.38,0,0,0,0,0,0,0,0,0,0,0,0
"18095","IN","Madison County",0,0,0,0,0,0,0,0,0,2338716.58,0,0,0,0,0,0,0,0,0,0,0,0
"18097","IN","Marion County",0,0,0,0,0,0,0,0,0,49079940.07,0,0,0,0,0,0,0,0,0,0,0,0
"18099","IN","Marshall County",0,0,0,0,0,0,0,0,0,4788676.63,0,0,0,0,0,0,0,0,0,0,0,0
"18101","IN","Martin County",0,0,0,0,0,0,0,0,0,4197745.39,0,0,0,0,0,0,0,0,0,0,0,0
"18103","IN","Miami County",0,0,0,0,0,0,0,0,0,1542662.45,0,0,0,0,0,0,0,0,0,0,0,0
"18105","IN","Monroe County",0,0,0,0,0,0,0,0,0,3923234.82,0,0,0,0,0,0,0,0,0,0,0,0
"18107","IN","Montgomery County",0,0,0,0,0,0,0,0,0,4144859.02,0,0,0,0,0,0,0,0,0,0,0,0
"18109","IN","Morgan County",0,0,0,0,0,0,0,0,0,13083371.43,0,0,0,0,0,0,0,0,0,0,0,0
"18111","IN","Newton County",0,0,0,0,0,0,0,0,0,4767399.875,0,0,0,0,0,0,0,0,0,0,0,0
"18113","IN","Noble County",0,0,0,0,0,0,0,0,0,2810355.64,0,0,0,0,0,0,0,0,0,0,0,0
"18115","IN","Ohio County",0,0,0,0,0,0,0,0,0,473738.24,0,0,0,0,0,0,0,0,0,0,0,0
"18117","IN","Orange County",0,0,0,0,0,0,0,0,0,5662906.51,0,0,0,0,0,0,0,0,0,0,0,0
"18119","IN","Owen County",0,0,0,0,0,0,0,0,0,3501334.42,0,0,0,0,0,0,0,0,0,0,0,0
"18121","IN","Parke County",0,0,0,0,0,0,0,0,0,1690985.52,0,0,0,0,0,0,0,0,0,0,0,0
"18123","IN","Perry County",0,0,0,0,0,0,0,0,0,7360776,0,0,0,0,0,0,0,0,0,0,0,0
"18125","IN","Pike County",0,0,0,0,0,0,0,0,0,2242496.76666667,0,0,0,0,0,0,0,0,0,0,0,0
"18127","IN","Porter County",0,0,0,0,0,0,0,0,0,174308,0,0,0,0,0,0,0,0,0,0,0,0
"18129","IN","Posey County",0,0,0,0,0,0,0,0,0,1526926.38,0,0,0,0,0,0,0,0,0,0,0,0
"18131","IN","Pulaski County",0,0,0,0,0,0,0,0,0,4993433,0,0,0,0,0,0,0,0,0,0,0,0
"18133","IN","Putnam County",0,0,0,0,0,0,0,0,0,6005472.925,0,0,0,0,0,0,0,0,0,0,0,0
"18135","IN","Randolph County",0,0,0,0,0,0,0,0,0,2329680.535,0,0,0,0,0,0,0,0,0,0,0,0
"18137","IN","Ripley County",0,0,0,0,0,0,0,0,0,5197083.934,0,0,0,0,0,0,0,0,0,0,0,0
"18139","IN","Rush County",0,0,0,0,0,0,0,0,0,1441627.444,0,0,0,0,0,0,0,0,0,0,0,0
"18141","IN","St. Joseph County",0,0,0,0,0,0,0,0,0,1739510.825,0,0,0,0,0,0,0,0,0,0,0,0
"18143","IN","Scott County",0,0,0,0,0,0,0,0,0,3238565,0,0,0,0,0,0,0,0,0,0,0,0
"18145","IN","Shelby County",0,0,0,0,0,0,0,0,0,549461.14,0,0,0,0,0,0,0,0,0,0,0,0
"18147","IN","Spencer County",0,0,0,0,0,0,0,0,0,18716088.565,0,0,0,0,0,0,0,0,0,0,0,0
"18149","IN","Starke County",0,0,0,0,0,0,0,0,0,1990728.98,0,0,0,0,0,0,0,0,0,0,0,0
"18153","IN","Sullivan County",0,0,0,0,0,0,0,0,0,6893513.29,0,0,0,0,0,0,0,0,0,0,0,0
"18155","IN","Switzerland County",0,0,0,0,0,0,0,0,0,1089266.01,0,0,0,0,0,0,0,0,0,0,0,0
"18157","IN","Tippecanoe County",0,0,0,0,0,0,0,0,0,118710.38,0,0,0,0,0,0,0,0,0,0,0,0
"18161","IN","Union County",0,0,0,0,0,0,0,0,0,2931490.291,0,0,0,0,0,0,0,0,0,0,0,0
"18163","IN","Vanderburgh County",0,0,0,0,0,0,0,0,0,5929626.06,0,0,0,0,0,0,0,0,0,0,0,0
"18165","IN","Vermillion County",0,0,0,0,0,0,0,0,0,2147547.69,0,0,0,0,0,0,0,0,0,0,0,0
"18167","IN","Vigo County",0,0,0,0,0,0,0,0,0,2604618.71,0,0,0,0,0,0,0,0,0,0,0,0
"18169","IN","Wabash County",0,0,0,0,0,0,0,0,0,4023175.8,0,0,0,0,0,0,0,0,0,0,0,0
"18173","IN","Warrick County",0,0,0,0,0,0,0,0,0,13726919.5216667,0,0,0,0,0,0,0,0,0,0,0,0
"18175","IN","Washington County",0,0,0,0,0,0,0,0,0,11746926.38,0,0,0,0,0,0,0,0,0,0,0,0
"18177","IN","Wayne County",0,0,0,0,0,0,0,0,0,7000221.48,0,0,0,0,0,0,0,0,0,0,0,0
"18181","IN","White County",0,0,0,0,0,0,0,0,0,11461303.45,0,0,0,0,0,0,0,0,0,0,0,0
"18183","IN","Whitley County",0,0,0,0,0,0,0,0,0,6433265.13,0,0,0,0,0,0,0,0,0,0,0,0
"19007","IA","Appanoose County",0,0,0,0,0,0,0,0,0,1205120,0,0,0,0,0,0,0,0,0,0,0,0
"19011","IA","Benton County",0,0,0,0,0,0,0,0,0,877321,0,0,0,0,11168559,0,0,0,0,0,0,0
"19013","IA","Black Hawk County",0,0,0,0,0,0,0,0,0,38156811,0,0,0,0,0,0,0,0,0,0,0,0
"19015","IA","Boone County",0,0,0,0,0,0,0,0,0,2463000,0,0,0,0,0,0,0,0,0,0,0,0
"19017","IA","Bremer County",0,0,0,0,0,0,0,0,0,3953121,0,0,0,0,0,0,0,0,0,0,0,0
"19019","IA","Buchanan County",0,0,0,0,0,0,0,0,0,837611,0,0,0,0,0,0,0,0,0,0,0,0
"19021","IA","Buena Vista County",0,0,0,0,0,0,0,0,0,0,0,0,0,0,11112917,0,0,0,0,0,0,0
"19023","IA","Butler County",0,0,0,0,0,0,0,0,0,4005253,0,0,0,0,0,0,0,0,0,0,0,0
"19027","IA","Carroll County",0,0,0,0,0,0,0,0,0,478500,0,0,0,0,0,0,0,0,0,0,0,0
"19029","IA","Cass County",0,0,0,0,0,0,0,0,0,8298683,0,0,0,0,0,0,0,0,0,0,0,0
"19031","IA","Cedar County",0,0,0,0,0,0,0,0,0,402820795.92,0,0,0,0,0,0,0,0,0,0,0,0
"19033","IA","Cerro Gordo County",0,0,0,0,0,0,0,0,0,43551693,0,0,0,0,0,0,0,0,0,0,0,0
"19035","IA","Cherokee County",0,0,0,0,0,0,0,0,0,14000,0,0,0,0,0,0,0,0,0,0,0,0
"19037","IA","Chickasaw County",0,0,0,0,0,0,0,0,0,1475871,0,0,0,0,0,0,0,0,0,0,0,0
"19041","IA","Clay County",0,0,0,0,0,0,0,0,0,392165,0,0,0,0,0,0,0,0,0,0,0,0
"19043","IA","Clayton County",0,0,0,0,0,0,0,0,0,3234124,0,0,0,0,0,0,0,0,0,0,0,0
"19045","IA","Clinton County",0,0,0,0,0,0,0,0,0,22129,0,0,0,0,0,0,0,0,0,0,0,0
"19047","IA","Crawford County",0,0,0,0,0,0,0,0,0,4000,0,0,0,0,0,0,0,0,0,0,0,0
"19049","IA","Dallas County",0,0,0,0,0,0,0,0,0,415360,0,0,0,0,0,0,0,0,0,0,0,0
"19051","IA","Davis County",0,0,0,0,0,0,0,0,0,1649374,0,0,0,0,0,0,0,0,0,0,0,0
"19055","IA","Delaware County",0,0,0,0,0,0,0,0,0,141446,0,0,0,0,0,0,0,0,0,0,0,0
"19057","IA","Des Moines County",0,0,0,0,0,0,0,0,0,89688296.5,0,0,0,0,0,0,0,0,0,0,0,0
"19061","IA","Dubuque County",0,0,0,0,0,0,0,0,0,41860470,0,0,0,0,70412418,0,0,0,0,0,0,0
"19065","IA","Fayette County",0,0,0,0,0,0,0,0,0,2502820,0,0,0,0,0,0,0,0,0,0,0,0
"19067","IA","Floyd County",0,0,0,0,0,0,0,0,0,2381921,0,0,0,0,0,0,0,0,0,0,0,0
"19069","IA","Franklin County",0,0,0,0,0,0,0,0,0,687016,0,0,0,0,0,0,0,0,0,0,0,0
"19071","IA","Fremont County",0,0,0,0,0,0,0,0,0,1055488,0,0,0,0,1842666,0,0,0,0,0,0,0
"19073","IA","Greene County",0,0,0,0,0,0,0,0,0,215138,0,0,0,0,0,0,0,0,0,0,0,0
"19075","IA","Grundy County",0,0,0,0,0,0,0,0,0,825039,0,0,0,0,0,0,0,0,0,0,0,0
"19081","IA","Hancock County",0,0,0,0,0,0,0,0,0,407208,0,0,0,0,0,0,0,0,0,0,0,0
"19083","IA","Hardin County",0,0,0,0,0,0,0,0,0,2630922,0,0,0,0,0,0,0,0,0,0,0,0
"19085","IA","Harrison County",0,0,0,0,0,0,0,0,0,300055,0,0,0,0,0,0,0,0,0,0,0,0
"19087","IA","Henry County",0,0,0,0,0,0,0,0,0,288000,0,0,0,0,0,0,0,0,0,0,0,0
"19089","IA","Howard County",0,0,0,0,0,0,0,0,0,124628,0,0,0,0,4148908,0,0,0,0,0,0,0
"19091","IA","Humboldt County",0,0,0,0,0,0,0,0,0,3490355,0,0,0,0,0,0,0,0,0,0,0,0
"19095","IA","Iowa County",0,0,0,0,0,0,0,0,0,105342957.79,0,0,0,0,25067904,0,0,0,0,0,0,0
"19097","IA","Jackson County",0,0,0,0,0,0,0,0,0,1235130,0,0,0,0,0,0,0,0,0,0,0,0
"19099","IA","Jasper County",0,0,0,0,0,0,0,0,0,1649352,0,0,0,0,0,0,0,0,0,0,0,0
"19103","IA","Johnson County",0,0,0,0,0,0,0,0,0,12786383,0,0,0,0,15132787,0,0,0,0,0,0,0
"19105","IA","Jones County",0,0,0,0,0,0,0,0,0,3345034,0,0,0,0,0,0,0,0,0,0,0,0
"19107","IA","Keokuk County",0,0,0,0,0,0,0,0,0,956494,0,0,0,0,0,0,0,0,0,0,0,0
"19109","IA","Kossuth County",0,0,0,0,0,0,0,0,0,1214860,0,0,0,0,0,0,0,0,0,0,0,0
"19113","IA","Linn County",0,0,0,0,0,0,0,0,0,31665410,0,0,0,0,0,0,0,0,0,0,0,0
"19115","IA","Louisa County",0,0,0,0,0,0,0,0,0,14613113,0,0,0,0,0,0,0,0,0,0,0,0
"19121","IA","Madison County",0,0,0,0,0,0,0,0,0,3004184,0,0,0,0,0,0,0,0,0,0,0,0
"19125","IA","Marion County",0,0,0,0,0,0,0,0,0,642930,0,0,0,0,0,0,0,0,0,0,0,0
"19127","IA","Marshall County",0,0,0,0,0,0,0,0,0,2907131.08,0,0,0,0,0,0,0,0,0,0,0,0
"19129","IA","Mills County",0,0,0,0,0,0,0,0,0,956000,0,0,0,0,5390231,0,0,0,0,0,0,0
"19131","IA","Mitchell County",0,0,0,0,0,0,0,0,0,375000,0,0,0,0,0,0,0,0,0,0,0,0
"19133","IA","Monona County",0,0,0,0,0,0,0,0,0,63931,0,0,0,0,0,0,0,0,0,0,0,0
"19137","IA","Montgomery County",0,0,0,0,0,0,0,0,0,274750,0,0,0,0,0,0,0,0,0,0,0,0
"19139","IA","Muscatine County",0,0,0,0,0,0,0,0,0,310678,0,0,0,0,0,0,0,0,0,0,0,0
"19151","IA","Pocahontas County",0,0,0,0,0,0,0,0,0,145738,0,0,0,0,0,0,0,0,0,0,0,0
"19153","IA","Polk County",0,0,0,0,0,0,0,0,0,181105,0,0,0,0,0,0,0,0,0,0,0,0
"19155","IA","Pottawattamie County",0,0,0,0,0,0,0,0,0,5698153,0,0,0,0,0,0,0,0,0,0,0,0
"19157","IA","Poweshiek County",0,0,0,0,0,0,0,0,0,1562000,0,0,0,0,0,0,0,0,0,0,0,0
"19159","IA","Ringgold County",0,0,0,0,0,0,0,0,0,9375,0,0,0,0,0,0,0,0,0,0,0,0
"19163","IA","Scott County",0,0,0,0,0,0,0,0,0,11738657,0,0,0,0,0,0,0,0,0,0,0,0
"19169","IA","Story County",0,0,0,0,0,0,0,0,0,1609279,0,0,0,0,0,0,0,0,0,0,0,0
"19171","IA","Tama County",0,0,0,0,0,0,0,0,0,1679098,0,0,0,0,0,0,0,0,0,0,0,0
"19175","IA","Union County",0,0,0,0,0,0,0,0,0,14512933,0,0,0,0,0,0,0,0,0,0,0,0
"19177","IA","Van Buren County",0,0,0,0,0,0,0,0,0,658341,0,0,0,0,0,0,0,0,0,0,0,0
"19179","IA","Wapello County",0,0,0,0,0,0,0,0,0,8532967.71,0,0,0,0,0,0,0,0,0,0,0,0
"19181","IA","Warren County",0,0,0,0,0,0,0,0,0,732474,0,0,0,0,0,0,0,0,0,0,0,0
"19183","IA","Washington County",0,0,0,0,0,0,0,0,0,27033,0,0,0,0,0,0,0,0,0,0,0,0
"19187","IA","Webster County",0,0,0,0,0,0,0,0,0,19148,0,0,0,0,0,0,0,0,0,0,0,0
"19189","IA","Winnebago County",0,0,0,0,0,0,0,0,0,308060,0,0,0,0,0,0,0,0,0,0,0,0
"19191","IA","Winneshiek County",0,0,0,0,0,0,0,0,0,340078,0,0,0,0,5652636,0,0,0,0,0,0,0
"19195","IA","Worth County",0,0,0,0,0,0,0,0,0,1058100,0,0,0,0,0,0,0,0,0,0,0,0
"21001","KY","Adair County",0,0,0,0,0,0,0,0,0,183200,0,834056,0,0,0,0,0,0,0,0,0,0
"21007","KY","Ballard County",0,0,0,0,0,0,0,0,0,53724,0,0,0,0,0,0,0,0,0,0,0,0
"21013","KY","Bell County",0,0,0,0,0,0,0,0,0,32175,0,0,0,0,0,0,0,0,0,0,0,0
"21017","KY","Bourbon County",0,0,0,0,0,0,0,0,0,0,0,129460,0,0,0,0,0,0,0,0,0,0
"21035","KY","Calloway County",0,0,0,0,0,0,0,0,0,171956,0,0,0,0,0,0,0,0,0,0,0,0
"21037","KY","Campbell County",0,0,0,0,0,0,0,0,0,32175,0,0,0,0,0,0,0,0,0,0,0,0
"21039","KY","Carlisle County",0,0,0,0,0,0,0,0,0,309712,0,0,0,0,0,0,0,0,0,0,0,0
"21043","KY","Carter County",0,0,0,0,0,0,0,0,0,0,0,293801,0,0,0,0,0,0,0,0,0,0
"21045","KY","Casey County",0,0,0,0,0,0,0,0,0,0,0,50000,0,0,0,0,0,0,0,0,0,0
"21047","KY","Christian County",0,0,0,0,0,0,0,0,0,188553,0,0,0,0,0,0,0,0,0,0,0,0
"21049","KY","Clark County",0,0,0,0,0,0,0,0,0,0,0,601280,0,0,0,0,0,0,0,0,0,0
"21053","KY","Clinton County",0,0,0,0,0,0,0,0,0,0,0,219672,0,0,0,0,0,0,0,0,0,0
"21055","KY","Crittenden County",0,0,0,0,0,0,0,0,0,183100,0,0,0,0,0,0,0,0,0,0,0,0
"21073","KY","Franklin County",0,0,0,0,0,0,0,0,0,96531,0,978250,0,0,0,0,0,0,0,0,0,0
"21083","KY","Graves County",0,0,0,0,0,0,0,0,0,257978,0,0,0,0,0,0,0,0,0,0,0,0
"21085","KY","Grayson County",0,0,0,0,0,0,0,0,0,145860,0,0,0,0,0,0,0,0,0,0,0,0
"21087","KY","Green County",0,0,0,0,0,0,0,0,0,0,0,135881.5,0,0,0,0,0,0,0,0,0,0
"21089","KY","Greenup County",0,0,0,0,0,0,0,0,0,0,0,135881.5,0,0,0,0,0,0,0,0,0,0
"21091","KY","Hancock County",0,0,0,0,0,0,0,0,0,70000,0,0,0,0,0,0,0,0,0,0,0,0
"21093","KY","Hardin County",0,0,0,0,0,0,0,0,0,272897,0,293178,0,0,0,0,0,0,0,0,0,0
"21097","KY","Harrison County",0,0,0,0,0,0,0,0,0,0,0,327668,0,0,0,0,0,0,0,0,0,0
"21099","KY","Hart County",0,0,0,0,0,0,0,0,0,144000,0,385517,0,0,0,0,0,0,0,0,0,0
"21101","KY","Henderson County",0,0,0,0,0,0,0,0,0,42000,0,0,0,0,0,0,0,0,0,0,0,0
"21105","KY","Hickman County",0,0,0,0,0,0,0,0,0,48960,0,0,0,0,0,0,0,0,0,0,0,0
"21111","KY","Jefferson County",0,0,0,0,0,0,0,0,0,250000,0,0,0,0,0,0,0,0,0,0,0,0
"21127","KY","Lawrence County",0,0,0,0,0,0,0,0,0,0,0,161340,0,0,0,0,0,0,0,0,0,0
"21135","KY","Lewis County",0,0,0,0,0,0,0,0,0,0,0,979762,0,0,0,0,0,0,0,0,0,0
"21139","KY","Livingston County",0,0,0,0,0,0,0,0,0,0,0,204511,0,0,0,0,0,0,0,0,0,0
"21143","KY","Lyon County",0,0,0,0,0,0,0,0,0,54056,0,0,0,0,0,0,0,0,0,0,0,0
"21149","KY","McLean County",0,0,0,0,0,0,0,0,0,317257,0,0,0,0,0,0,0,0,0,0,0,0
"21151","KY","Madison County",0,0,0,0,0,0,0,0,0,0,0,291183,0,0,0,0,0,0,0,0,0,0
"21157","KY","Marshall County",0,0,0,0,0,0,0,0,0,293503,0,285886,0,0,0,0,0,0,0,0,0,0
"21167","KY","Mercer County",0,0,0,0,0,0,0,0,0,0,0,294000,0,0,0,0,0,0,0,0,0,0
"21169","KY","Metcalfe County",0,0,0,0,0,0,0,0,0,0,0,545150,0,0,0,0,0,0,0,0,0,0
"21171","KY","Monroe County",0,0,0,0,0,0,0,0,0,0,0,1375224,0,0,0,0,0,0,0,0,0,0
"21173","KY","Montgomery County",0,0,0,0,0,0,0,0,0,0,0,426910,0,0,0,0,0,0,0,0,0,0
"21181","KY","Nicholas County",0,0,0,0,0,0,0,0,0,0,0,1195888,0,0,0,0,0,0,0,0,0,0
"21193","KY","Perry County",0,0,0,0,0,0,0,0,0,250000,0,0,0,0,0,0,0,0,0,0,0,0
"21197","KY","Powell County",0,0,0,0,0,0,0,0,0,0,0,1132044,0,0,0,0,0,0,0,0,0,0
"21205","KY","Rowan County",0,0,0,0,0,0,0,0,0,0,0,337964,0,0,0,0,0,0,0,0,0,0
"21221","KY","Trigg County",0,0,0,0,0,0,0,0,0,5895,0,0,0,0,0,0,0,0,0,0,0,0
"21225","KY","Union County",0,0,0,0,0,0,0,0,0,0,0,630000,0,0,0,0,0,0,0,0,0,0
"21233","KY","Webster County",0,0,0,0,0,0,0,0,0,163000,0,545150,0,0,0,0,0,0,0,0,0,0
"22001","LA","Acadia Parish",0,0,0,0,0,0,832830.04,631769,0,4433437.75894737,0,0,0,0,0,0,0,0,0,0,0,0
"22003","LA","Allen Parish",0,0,0,0,0,0,81098.5,421179,0,2332007.42061404,0,0,0,37995.3716,0,0,0,0,0,0,0,0
"22005","LA","Ascension Parish",0,0,0,0,0,0,215586.009,0,0,21409540.9944444,0,0,0,37995.3716,0,0,0,0,0,0,0,0
"22007","LA","Assumption Parish",0,0,0,0,0,0,0,0,0,27007247.0994444,0,0,0,37995.3716,0,0,0,0,0,0,0,0
"22009","LA","Avoyelles Parish",0,0,0,0,0,0,0,0,0,4709470.31,0,0,0,0,0,0,0,0,0,0,0,0
"22011","LA","Beauregard Parish",0,0,0,0,0,0,65008.33,631769,0,1569379.43061404,0,0,0,0,0,0,0,0,0,0,0,0
"22013","LA","Bienville Parish",0,0,0,0,0,0,0,1750000,0,0,0,0,0,0,0,0,0,0,0,0,0,0
"22019","LA","Calcasieu Parish",0,0,0,0,0,0,149858736.169,33809624.7020714,0,29573829.4950585,0,0,0,0,0,0,0,0,0,0,0,0
"22023","LA","Cameron Parish",0,0,0,0,0,0,4690717.63,90417959.5520714,0,54676659.9950585,0,0,0,0,0,0,0,0,0,0,0,0
"22025","LA","Catahoula Parish",0,0,0,0,0,0,0,0,0,3107041.52,0,0,0,0,0,0,0,0,0,0,0,0
"22027","LA","Claiborne Parish",0,0,0,0,0,0,11926113,0,0,0,0,0,0,0,0,0,0,0,0,0,0,0
"22029","LA","Concordia Parish",0,0,0,0,0,0,0,0,0,815454.18,0,0,0,0,0,0,0,0,0,0,0,0
"22033","LA","East Baton Rouge Parish",0,0,0,0,0,0,471844673.31,12038381.13,0,127248972.344444,0,0,0,37995.3716,4500000,0,0,21017179,0,0,0,0
"22035","LA","East Carroll Parish",0,0,0,0,0,0,0,0,0,1259324,0,0,0,0,0,0,0,0,0,0,0,0
"22037","LA","East Feliciana Parish",0,0,0,0,0,0,0,0,0,5257726.68,0,0,0,37995.3716,0,0,0,0,0,0,0,0
"22039","LA","Evangeline Parish",0,0,0,0,0,0,0,0,0,5650853.05,0,0,0,0,0,0,0,0,0,0,0,0
"22041","LA","Franklin Parish",0,0,0,0,0,0,0,0,0,7616784.005,0,0,0,0,0,0,0,0,0,0,0,0
"22043","LA","Grant Parish",0,0,0,0,0,0,3589382148.935,5380529458.06,0,1408039.47,0,0,0,7706.41,0,0,0,54199009.5,0,0,0,0
"22045","LA","Iberia Parish",0,0,0,0,0,0,2504961.22,7053229.78457143,0,14499101.0489474,0,0,0,0,0,0,0,0,0,0,0,0
"22047","LA","Iberville Parish",0,0,0,0,0,0,165845565.13,1965175.19,0,53515114.6827778,0,0,0,37995.3716,0,0,0,0,0,0,0,0
"22049","LA","Jackson Parish",0,0,0,0,0,0,0,3556204.5,0,0,0,0,0,0,0,0,0,0,0,0,0,0
"22051","LA","Jefferson Parish",0,0,0,0,0,0,152613696.524,155941877.772667,0,37489591.7650585,0,0,0,16490995.3716,708333.333333333,0,0,0,0,0,0,0
"22053","LA","Jefferson Davis Parish",0,0,0,0,0,0,3034007.095,280786,0,5117380.22561404,0,0,0,0,0,0,0,0,0,0,0,0
"22055","LA","Lafayette Parish",0,0,0,0,0,0,1216460.519,599971.11,0,7552411.92944444,0,0,0,0,0,0,0,0,0,0,0,0
"22057","LA","Lafourche Parish",0,0,0,0,0,0,9394817.669,9302423.75166667,0,51550843.4850585,0,0,0,203628.3716,708333.333333333,0,0,0,0,0,0,0
"22059","LA","La Salle Parish",0,0,0,0,0,0,0,0,0,668649.5,0,0,0,0,0,0,0,0,0,0,0,0
"22061","LA","Lincoln Parish",0,0,0,0,0,0,0,0,0,3145939.17,0,0,0,0,0,0,0,0,0,0,0,0
"22063","LA","Livingston Parish",0,0,0,0,0,0,215586.009,4330726.995,0,13331172.6644444,0,0,0,803145.3716,0,0,0,0,0,0,0,0
"22065","LA","Madison Parish",0,0,0,0,0,0,0,0,0,1440914.65,0,0,0,0,0,0,0,5914000,0,0,0,0
"22067","LA","Morehouse Parish",0,0,0,0,0,0,0,0,0,762081.57,0,0,0,37995.3716,0,0,0,0,0,0,0,0
"22071","LA","Orleans Parish",0,0,0,0,0,0,1053300618.334,1409970908.89957,0,106676183.958392,0,0,0,14930778.0316,233065688,0,0,0,0,0,0,0
"22073","LA","Ouachita Parish",0,0,0,0,0,0,0,0,0,7108993.89,0,0,0,0,0,0,0,808000,0,0,0,0
"22075","LA","Plaquemines Parish",0,0,0,0,0,0,29914577.099,88485713.246,0,3393753.19839181,0,0,0,18941740.3716,708333.333333333,0,0,0,0,0,0,0
"22077","LA","Pointe Coupee Parish",0,0,0,0,0,0,0,0,0,16266034.3033333,0,0,0,37995.3716,0,0,0,0,0,0,0,0
"22079","LA","Rapides Parish",0,0,0,0,0,0,1099491.47,83768.495,0,22228648.8794444,0,0,0,0,0,0,0,0,0,0,0,0
"22081","LA","Red River Parish",0,0,0,0,0,0,14657324.6,2e+06,0,0,0,0,0,0,0,0,0,0,0,0,0,0
"22083","LA","Richland Parish",0,0,0,0,0,0,0,0,0,875757.42,0,0,0,0,0,0,0,0,0,0,0,0
"22085","LA","Sabine Parish",0,0,0,0,0,0,38453092.25,247214408.52,0,2461954.33,0,0,0,0,0,0,0,0,0,0,0,0
"22087","LA","St. Bernard Parish",0,0,0,0,0,0,134892988.83,239356983.367667,0,864195.67505848,0,0,0,187995.3716,0,0,0,0,0,0,0,0
"22089","LA","St. Charles Parish",0,0,0,0,0,0,41530,2319476.25166667,0,10714400.4489474,0,0,0,37995.3716,0,0,0,0,0,0,0,0
"22091","LA","St. Helena Parish",0,0,0,0,0,0,0,0,0,3870822.21,0,0,0,37995.3716,0,0,0,0,0,0,0,0
"22093","LA","St. James Parish",0,0,0,0,0,0,25075695.07,270000,0,11033779.32,0,0,0,187995.3716,0,0,0,0,0,0,0,0
"22095","LA","St. John the Baptist Parish",0,0,0,0,0,0,0,75044.5733333333,0,7183699.54,0,0,0,85310756.8916,708333.333333333,0,0,0,0,0,0,0
"22097","LA","St. Landry Parish",0,0,0,0,0,0,145.24,0,0,15722158.0094444,0,0,0,0,0,0,0,0,0,0,0,0
"22099","LA","St. Martin Parish",0,0,0,0,0,0,0,0,0,6305311.1,0,0,0,103079.6216,0,0,0,0,0,0,0,0
"22101","LA","St. Mary Parish",0,0,0,0,0,0,37392734.35,4343785.03857143,0,24215848.6533918,0,0,0,0,0,0,0,0,0,0,0,0
"22103","LA","St. Tammany Parish",0,0,0,0,0,0,97102823.659,147520598.082071,0,11204135.3233918,0,0,0,10952911.3716,708333.333333333,0,0,0,0,0,0,0
"22105","LA","Tangipahoa Parish",0,0,0,0,0,0,2333927.63,6566137.3,0,14189935.8389474,0,0,0,787995.3716,0,0,0,0,0,0,0,0
"22107","LA","Tensas Parish",0,0,0,0,0,0,0,0,0,382590.85,0,0,0,0,0,0,0,0,0,0,0,0
"22109","LA","Terrebonne Parish",0,0,0,0,0,0,13605800.669,8629608.736,0,157713946.985058,0,0,0,823552.3716,48737582.3333333,0,0,0,0,0,0,0
"22111","LA","Union Parish",0,0,0,0,0,0,0,2583122.72,0,584110,0,0,0,0,0,0,0,0,0,0,0,0
"22113","LA","Vermilion Parish",0,0,0,0,0,0,34409291.16,25606964.6785714,0,13568432.2989474,0,0,0,0,0,0,0,0,0,0,0,0
"22115","LA","Vernon Parish",0,0,0,0,0,0,0,0,0,14125322.58,0,0,0,0,0,0,0,0,0,0,0,0
"22117","LA","Washington Parish",0,0,0,0,0,0,2333927.63,9607160.1835,0,1164351.53894737,0,0,0,486184.1416,0,0,0,0,0,0,0,0
"22121","LA","West Baton Rouge Parish",0,0,0,0,0,0,0,0,0,8296971.30333333,0,0,0,37995.3716,0,0,0,0,0,0,0,0
"22123","LA","West Carroll Parish",0,0,0,0,0,0,0,0,0,83163227.71,0,0,0,0,0,0,0,10118465,0,0,0,0
"22125","LA","West Feliciana Parish",0,0,0,0,0,0,0,0,0,1330002.06,0,0,0,37995.3716,0,0,0,0,0,0,0,0
"22127","LA","Winn Parish",0,0,0,0,0,0,0,0,0,317756.37,0,0,0,0,0,0,0,0,0,0,0,0
"23003","ME","Aroostook County",0,0,0,0,0,0,0,0,0,0,1638066,0,0,0,0,0,0,0,0,0,0,0
"23011","ME","Kennebec County",0,0,0,0,0,0,0,0,0,0,50652,0,0,0,0,0,0,0,0,0,0,0
"23013","ME","Knox County",0,0,0,0,0,0,0,0,0,0,83066,0,0,0,0,0,0,0,0,0,0,0
"23015","ME","Lincoln County",0,0,0,0,0,0,0,0,0,0,83066,0,0,0,0,0,0,0,0,0,0,0
"23019","ME","Penobscot County",0,0,0,0,0,0,0,0,0,0,83066,0,0,0,0,0,0,0,0,0,0,0
"23021","ME","Piscataquis County",0,0,0,0,0,0,0,0,0,0,83066,0,0,0,0,0,0,0,0,0,0,0
"23025","ME","Somerset County",0,0,0,0,0,0,0,0,0,0,83066,0,0,0,0,0,0,0,0,0,0,0
"23027","ME","Waldo County",0,0,0,0,0,0,0,0,0,0,83066,0,0,0,0,0,0,0,0,0,0,0
"24001","MD","Allegany County",0,0,0,0,124597,0,0,0,0,0,0,0,0,295000,0,0,0,0,0,0,0,0
"24017","MD","Charles County",0,0,0,0,0,0,0,0,0,0,0,0,0,99259,0,0,0,0,0,0,0,0
"24019","MD","Dorchester County",0,0,0,0,0,0,0,0,0,0,0,0,0,880000,0,0,0,0,0,0,0,0
"24023","MD","Garrett County",0,0,0,0,0,0,0,0,0,0,0,0,0,999331,0,0,0,0,0,0,0,0
"24033","MD","Prince George's County",0,0,0,0,0,0,0,0,0,0,0,0,0,4e+05,0,0,0,0,0,0,0,0
"24039","MD","Somerset County",0,0,0,0,0,0,0,0,0,0,0,0,0,25278156,0,0,0,0,0,0,0,0
"25013","MA","Hampden County",0,0,0,0,0,0,0,0,0,0,0,0,22658186.008,455031.752,80144784,0,0,0,0,0,0,0
"25027","MA","Worcester County",0,0,0,0,0,0,0,0,0,0,0,0,954153,636102,0,0,0,0,0,0,0,0
"27045","MN","Fillmore County",0,0,0,0,0,0,0,0,0,10000,0,0,0,0,0,0,0,0,0,0,0,0
"27099","MN","Mower County",0,0,0,0,0,0,0,0,0,592532.22,0,0,0,0,0,0,0,0,0,0,0,0
"27105","MN","Nobles County",0,0,0,0,0,0,0,0,0,3500,0,0,0,0,0,0,0,0,0,0,0,0
"28001","MS","Adams County",0,0,0,0,0,0,4916046,0,0,2572803.13,0,0,0,0,0,0,0,0,0,0,0,0
"28005","MS","Amite County",0,0,0,0,0,0,2440344.86,0,0,0,0,0,0,0,0,0,0,0,0,0,0,0
"28011","MS","Bolivar County",0,0,0,0,0,0,0,0,0,2648387.01,0,0,0,0,0,0,0,0,0,0,0,0
"28023","MS","Clarke County",0,0,0,0,0,0,5511843.85,0,0,0,0,0,0,0,0,0,0,0,0,0,0,0
"28029","MS","Copiah County",0,0,0,0,0,0,1025842.8,0,0,0,0,0,0,0,0,0,0,0,0,0,0,0
"28031","MS","Covington County",0,0,0,0,0,0,15000,0,0,0,0,0,0,0,0,0,0,0,0,0,0,0
"28035","MS","Forrest County",0,0,0,0,0,0,20739873.9036111,0,0,0,0,0,0,0,0,0,0,0,0,0,0,0
"28037","MS","Franklin County",0,0,0,0,0,0,298624.73,0,0,0,0,0,0,0,0,0,0,0,0,0,0,0
"28039","MS","George County",0,0,0,0,0,0,43461694.8694444,0,0,0,0,0,0,0,0,0,0,0,0,0,0,0
"28045","MS","Hancock County",0,0,0,0,0,0,1022336650.58544,0,0,0,0,0,0,0,0,0,0,0,0,0,0,0
"28047","MS","Harrison County",0,0,0,0,0,0,1292162509.08544,0,0,0,0,0,0,0,0,0,0,0,0,0,0,0
"28049","MS","Hinds County",0,0,0,0,0,0,2852896.95,0,0,1089525,0,0,0,0,0,0,0,0,0,0,0,0
"28051","MS","Holmes County",0,0,0,0,0,0,1367147.28,0,0,0,0,0,0,0,0,0,0,0,0,0,0,0
"28059","MS","Jackson County",0,0,0,0,0,0,1094869372.85544,0,0,1509327.46,0,0,0,0,0,0,0,0,0,0,0,0
"28061","MS","Jasper County",0,0,0,0,0,0,1507623,0,0,0,0,0,0,0,0,0,0,0,0,0,0,0
"28063","MS","Jefferson County",0,0,0,0,0,0,20222.56,0,0,0,0,0,0,0,0,0,0,0,0,0,0,0
"28065","MS","Jefferson Davis County",0,0,0,0,0,0,20222.56,0,0,0,0,0,0,0,0,0,0,0,0,0,0,0
"28067","MS","Jones County",0,0,0,0,0,0,23512015.6311111,0,0,0,0,0,0,0,0,0,0,0,0,0,0,0
"28071","MS","Lafayette County",0,0,0,0,0,0,10383234.7,0,0,0,0,0,0,0,0,0,0,0,0,0,0,0
"28073","MS","Lamar County",0,0,0,0,0,0,24763784.4111111,0,0,0,0,0,0,0,0,0,0,0,0,0,0,0
"28075","MS","Lauderdale County",0,0,0,0,0,0,11387459.85,0,0,0,0,0,0,0,0,0,0,0,0,0,0,0
"28079","MS","Leake County",0,0,0,0,0,0,4399345.055,0,0,0,0,0,0,0,0,0,0,0,0,0,0,0
"28085","MS","Lincoln County",0,0,0,0,0,0,665000,0,0,0,0,0,0,0,0,0,0,0,0,0,0,0
"28087","MS","Lowndes County",0,0,0,0,0,0,13900000,0,0,0,0,0,0,0,0,0,0,0,0,0,0,0
"28089","MS","Madison County",0,0,0,0,0,0,4599881,0,0,0,0,0,0,0,0,0,0,0,0,0,0,0
"28091","MS","Marion County",0,0,0,0,0,0,306753.91,0,0,0,0,0,0,0,0,0,0,0,0,0,0,0
"28097","MS","Montgomery County",0,0,0,0,0,0,346824.95,0,0,0,0,0,0,0,0,0,0,0,0,0,0,0
"28099","MS","Neshoba County",0,0,0,0,0,0,1111882.09,0,0,0,0,0,0,0,0,0,0,0,0,0,0,0
"28101","MS","Newton County",0,0,0,0,0,0,756918.27,0,0,0,0,0,0,0,0,0,0,0,0,0,0,0
"28105","MS","Oktibbeha County",0,0,0,0,0,0,9684722.76,0,0,0,0,0,0,0,0,0,0,0,0,0,0,0
"28109","MS","Pearl River County",0,0,0,0,0,0,713031606.342944,0,0,0,0,0,0,0,0,0,0,0,0,0,0,0
"28113","MS","Pike County",0,0,0,0,0,0,6013497.08,0,0,0,0,0,0,0,0,0,0,0,0,0,0,0
"28121","MS","Rankin County",0,0,0,0,0,0,15948243.89,0,0,0,0,0,0,0,0,0,0,0,0,0,0,0
"28123","MS","Scott County",0,0,0,0,0,0,1526558.37,0,0,0,0,0,0,0,0,0,0,0,0,0,0,0
"28127","MS","Simpson County",0,0,0,0,0,0,681890,0,0,0,0,0,0,0,0,0,0,0,0,0,0,0
"28129","MS","Smith County",0,0,0,0,0,0,76152.68,0,0,0,0,0,0,0,0,0,0,0,0,0,0,0
"28131","MS","Stone County",0,0,0,0,0,0,99734900.8854444,0,0,0,0,0,0,0,0,0,0,0,0,0,0,0
"28137","MS","Tate County",0,0,0,0,0,0,603582856.56,0,0,0,0,0,0,0,0,0,0,0,0,0,0,0
"28139","MS","Tippah County",0,0,0,0,0,0,426506.855,0,0,0,0,0,0,0,0,0,0,0,0,0,0,0
"28145","MS","Union County",0,0,0,0,0,0,1924337,0,0,0,0,0,0,0,0,0,0,0,0,0,0,0
"28149","MS","Warren County",0,0,0,0,0,0,13142402.23,0,0,1008482.74,0,0,0,0,0,0,0,0,0,0,0,0
"28151","MS","Washington County",0,0,0,0,0,0,0,0,0,2717249.21,0,0,0,0,0,0,0,0,0,0,0,0
"28153","MS","Wayne County",0,0,0,0,0,0,796583,0,0,0,0,0,0,0,0,0,0,0,0,0,0,0
"28157","MS","Wilkinson County",0,0,0,0,0,0,544000,0,0,2171042.14,0,0,0,0,0,0,0,0,0,0,0,0
"28159","MS","Winston County",0,0,0,0,0,0,824448.65,0,0,0,0,0,0,0,0,0,0,0,0,0,0,0
"29001","MO","Adair County",0,0,0,0,0,0,0,0,0,998600,0,0,0,0,0,0,0,0,0,0,0,0
"29003","MO","Andrew County",0,0,0,0,0,0,0,0,0,2562065.73833333,0,0,0,0,0,0,0,0,0,0,0,0
"29007","MO","Audrain County",0,0,0,0,0,0,0,0,0,4348020,0,0,0,0,0,0,0,0,0,0,0,0
"29017","MO","Bollinger County",0,0,0,0,0,0,0,0,0,34462.91,0,0,0,0,0,0,0,0,0,0,0,0
"29021","MO","Buchanan County",0,0,0,0,0,0,0,0,0,359787.15,0,0,0,0,0,0,0,0,0,0,0,0
"29023","MO","Butler County",0,0,0,0,0,0,0,0,0,1012582.69,0,0,85000,0,0,0,0,0,0,0,0,0
"29027","MO","Callaway County",0,0,0,0,0,0,0,0,0,138317.54,0,0,0,0,0,0,0,0,0,0,0,0
"29031","MO","Cape Girardeau County",0,0,0,0,0,0,0,0,0,809732.58,0,0,0,0,0,0,0,0,0,0,0,0
"29037","MO","Cass County",0,0,0,0,0,0,0,0,0,2946910,0,0,0,0,0,0,0,0,0,0,0,0
"29039","MO","Cedar County",0,0,0,0,0,0,0,0,0,95700,0,0,0,0,0,0,0,0,0,0,0,0
"29041","MO","Chariton County",0,0,0,0,0,0,0,0,0,66461,0,0,0,0,0,0,0,0,0,0,0,0
"29051","MO","Cole County",0,0,0,0,0,0,0,0,0,60628,0,0,0,0,0,0,0,0,0,0,0,0
"29053","MO","Cooper County",0,0,0,0,0,0,0,0,0,97827.76,0,0,0,0,0,0,0,0,0,0,0,0
"29055","MO","Crawford County",0,0,0,0,0,0,0,0,0,646981.67,0,0,0,0,0,0,0,0,0,0,0,0
"29065","MO","Dent County",0,0,0,0,0,0,0,0,0,50000,0,0,0,0,0,0,0,0,0,0,0,0
"29067","MO","Douglas County",0,0,0,0,0,0,0,0,0,426285,0,0,0,0,0,0,0,0,0,0,0,0
"29071","MO","Franklin County",0,0,0,0,0,0,0,0,0,769000,0,0,0,0,0,0,0,0,0,0,0,0
"29077","MO","Greene County",0,0,0,0,0,0,0,0,0,1764372.31,0,0,0,0,0,0,0,0,0,0,0,0
"29079","MO","Grundy County",0,0,0,0,0,0,0,0,0,589511,0,0,0,0,0,0,0,0,0,0,0,0
"29081","MO","Harrison County",0,0,0,0,0,0,0,0,0,763490,0,0,0,0,0,0,0,0,0,0,0,0
"29087","MO","Holt County",0,0,0,0,0,0,0,0,0,0,0,0,5e+05,0,0,0,0,0,0,0,0,0
"29091","MO","Howell County",0,0,0,0,0,0,0,0,0,111000,0,0,0,0,0,0,0,0,0,0,0,0
"29097","MO","Jasper County",0,0,0,0,0,0,0,0,0,3076930.73833333,0,0,162117499,0,0,0,0,0,0,0,0,0
"29099","MO","Jefferson County",0,0,0,0,0,0,0,0,0,4452674.6,0,0,0,0,0,0,0,0,0,0,0,0
"29101","MO","Johnson County",0,0,0,0,0,0,0,0,0,549293.09,0,0,0,0,0,0,0,0,0,0,0,0
"29105","MO","Laclede County",0,0,0,0,0,0,0,0,0,109330,0,0,0,0,0,0,0,0,0,0,0,0
"29111","MO","Lewis County",0,0,0,0,0,0,0,0,0,2514303.54,0,0,0,0,0,0,0,0,0,0,0,0
"29113","MO","Lincoln County",0,0,0,0,0,0,0,0,0,3573433.37,0,0,0,0,0,0,0,0,0,0,0,0
"29115","MO","Linn County",0,0,0,0,0,0,0,0,0,424418,0,0,0,0,0,0,0,0,0,0,0,0
"29117","MO","Livingston County",0,0,0,0,0,0,0,0,0,75312,0,0,0,0,0,0,0,0,0,0,0,0
"29121","MO","Macon County",0,0,0,0,0,0,0,0,0,409500,0,0,0,0,0,0,0,0,0,0,0,0
"29125","MO","Maries County",0,0,0,0,0,0,0,0,0,1586783.82,0,0,0,0,0,0,0,0,0,0,0,0
"29127","MO","Marion County",0,0,0,0,0,0,0,0,0,2691757.43,0,0,0,0,0,0,0,0,0,0,0,0
"29129","MO","Mercer County",0,0,0,0,0,0,0,0,0,1000,0,0,0,0,0,0,0,0,0,0,0,0
"29131","MO","Miller County",0,0,0,0,0,0,0,0,0,425786,0,0,0,0,0,0,0,0,0,0,0,0
"29133","MO","Mississippi County",0,0,0,0,0,0,0,0,0,0,0,0,1843271.7,0,0,0,0,0,0,0,0,0
"29137","MO","Monroe County",0,0,0,0,0,0,0,0,0,330600,0,0,0,0,0,0,0,0,0,0,0,0
"29139","MO","Montgomery County",0,0,0,0,0,0,0,0,0,2250000,0,0,0,0,0,0,0,0,0,0,0,0
"29141","MO","Morgan County",0,0,0,0,0,0,0,0,0,2e+05,0,0,0,0,0,0,0,0,0,0,0,0
"29143","MO","New Madrid County",0,0,0,0,0,0,0,0,0,2510000,0,0,0,0,0,0,0,0,0,0,0,0
"29145","MO","Newton County",0,0,0,0,0,0,0,0,0,1752437.21,0,0,0,0,0,0,0,0,0,0,0,0
"29147","MO","Nodaway County",0,0,0,0,0,0,0,0,0,920630,0,0,0,0,0,0,0,0,0,0,0,0
"29151","MO","Osage County",0,0,0,0,0,0,0,0,0,862530.35,0,0,0,0,0,0,0,0,0,0,0,0
"29153","MO","Ozark County",0,0,0,0,0,0,0,0,0,4155787.24,0,0,0,0,0,0,0,0,0,0,0,0
"29155","MO","Pemiscot County",0,0,0,0,0,0,0,0,0,5e+05,0,0,1242746.3,0,0,0,0,0,0,0,0,0
"29157","MO","Perry County",0,0,0,0,0,0,0,0,0,771164.39,0,0,0,0,0,0,0,0,0,0,0,0
"29159","MO","Pettis County",0,0,0,0,0,0,0,0,0,3411763.47,0,0,0,0,0,0,0,0,0,0,0,0
"29161","MO","Phelps County",0,0,0,0,0,0,0,0,0,118760,0,0,0,0,0,0,0,0,0,0,0,0
"29165","MO","Platte County",0,0,0,0,0,0,0,0,0,98302.46,0,0,0,0,0,0,0,0,0,0,0,0
"29169","MO","Pulaski County",0,0,0,0,0,0,0,0,0,441449.74,0,0,0,0,0,0,0,0,0,0,0,0
"29171","MO","Putnam County",0,0,0,0,0,0,0,0,0,1000,0,0,0,0,0,0,0,0,0,0,0,0
"29173","MO","Ralls County",0,0,0,0,0,0,0,0,0,924246.4,0,0,0,0,0,0,0,0,0,0,0,0
"29175","MO","Randolph County",0,0,0,0,0,0,0,0,0,1393766,0,0,0,0,0,0,0,0,0,0,0,0
"29183","MO","St. Charles County",0,0,0,0,0,0,0,0,0,1603560.42,0,0,0,0,0,0,0,0,0,0,0,0
"29186","MO","Ste. Genevieve County",0,0,0,0,0,0,0,0,0,2262540,0,0,0,0,0,0,0,0,0,0,0,0
"29187","MO","St. Francois County",0,0,0,0,0,0,0,0,0,380000,0,0,0,0,0,0,0,0,0,0,0,0
"29189","MO","St. Louis County",0,0,0,0,0,0,0,0,0,24408970.76,0,0,0,0,0,0,0,0,0,0,0,0
"29195","MO","Saline County",0,0,0,0,0,0,0,0,0,546379.35,0,0,0,0,0,0,0,0,0,0,0,0
"29197","MO","Schuyler County",0,0,0,0,0,0,0,0,0,101000,0,0,0,0,0,0,0,0,0,0,0,0
"29199","MO","Scotland County",0,0,0,0,0,0,0,0,0,697740,0,0,0,0,0,0,0,0,0,0,0,0
"29201","MO","Scott County",0,0,0,0,0,0,0,0,0,513507.153333333,0,0,647140,0,0,0,0,0,0,0,0,0
"29203","MO","Shannon County",0,0,0,0,0,0,0,0,0,4e+05,0,0,0,0,0,0,0,0,0,0,0,0
"29207","MO","Stoddard County",0,0,0,0,0,0,0,0,0,110780,0,0,0,0,0,0,0,0,0,0,0,0
"29211","MO","Sullivan County",0,0,0,0,0,0,0,0,0,422963,0,0,0,0,0,0,0,0,0,0,0,0
"29213","MO","Taney County",0,0,0,0,0,0,0,0,0,350000,0,0,0,0,0,0,0,0,0,0,0,0
"29215","MO","Texas County",0,0,0,0,0,0,0,0,0,695100,0,0,0,0,0,0,0,0,0,0,0,0
"29219","MO","Warren County",0,0,0,0,0,0,0,0,0,91680,0,0,0,0,0,0,0,0,0,0,0,0
"29227","MO","Worth County",0,0,0,0,0,0,0,0,0,134991.73,0,0,0,0,0,0,0,0,0,0,0,0
"29510","MO","St. Louis city",0,0,0,0,0,0,0,0,0,2309606.48,0,0,0,0,0,0,0,0,0,0,0,0
"30011","MT","Carter County",0,0,0,0,0,0,0,0,0,382093,0,0,0,0,0,0,0,0,0,0,0,0
"30017","MT","Custer County",0,0,0,0,0,0,0,0,0,105000,0,0,0,0,0,0,0,0,0,0,0,0
"30025","MT","Fallon County",0,0,0,0,0,0,0,0,0,91240,0,0,0,0,0,0,0,0,0,0,0,0
"30049","MT","Lewis and Clark County",0,0,0,0,0,0,0,0,0,33333,0,0,0,0,0,0,0,0,0,0,0,0
"30075","MT","Powder River County",0,0,0,0,0,0,0,0,0,55000,0,0,0,0,0,0,0,0,0,0,0,0
"31001","NE","Adams County",0,0,0,0,0,0,0,0,0,23662.3575,0,0,0,0,0,0,0,0,0,0,0,0
"31023","NE","Butler County",0,0,0,0,0,0,0,0,0,23662.3575,0,0,0,0,0,0,0,0,0,0,0,0
"31037","NE","Colfax County",0,0,0,0,0,0,0,0,0,2491441,0,0,0,0,0,0,0,0,0,0,0,0
"31041","NE","Custer County",0,0,0,0,0,0,0,0,0,9742,0,0,0,0,0,0,0,0,0,0,0,0
"31067","NE","Gage County",0,0,0,0,0,0,0,0,0,72692.3575,0,0,0,0,0,0,0,0,0,0,0,0
"31079","NE","Hall County",0,0,0,0,0,0,0,0,0,1154291,0,0,0,0,0,0,0,0,0,0,0,0
"31081","NE","Hamilton County",0,0,0,0,0,0,0,0,0,23662.3575,0,0,0,0,0,0,0,0,0,0,0,0
"31085","NE","Hayes County",0,0,0,0,0,0,0,0,0,27178,0,0,0,0,0,0,0,0,0,0,0,0
"31095","NE","Jefferson County",0,0,0,0,0,0,0,0,0,61862.3575,0,0,0,0,0,0,0,0,0,0,0,0
"31109","NE","Lancaster County",0,0,0,0,0,0,0,0,0,389636,0,0,0,0,0,0,0,0,0,0,0,0
"31131","NE","Otoe County",0,0,0,0,0,0,0,0,0,63200,0,0,0,0,0,0,0,0,0,0,0,0
"31141","NE","Platte County",0,0,0,0,0,0,0,0,0,88600,0,0,0,0,0,0,0,0,0,0,0,0
"31151","NE","Saline County",0,0,0,0,0,0,0,0,0,23662.3575,0,0,0,0,0,0,0,0,0,0,0,0
"31155","NE","Saunders County",0,0,0,0,0,0,0,0,0,396584,0,0,0,0,0,0,0,0,0,0,0,0
"31159","NE","Seward County",0,0,0,0,0,0,0,0,0,23662.3575,0,0,0,0,0,0,0,0,0,0,0,0
"31169","NE","Thayer County",0,0,0,0,0,0,0,0,0,754532,0,0,0,0,0,0,0,0,0,0,0,0
"31185","NE","York County",0,0,0,0,0,0,0,0,0,23662.3575,0,0,0,0,0,0,0,0,0,0,0,0
"34001","NJ","Atlantic County",0,0,0,0,0,0,0,0,0,0,0,0,0,0,1666666.66666667,0,0,0,0,0,0,0
"34003","NJ","Bergen County",0,0,0,0,0,0,0,0,0,0,0,0,0,0,1666666.66666667,0,0,0,0,0,0,0
"34009","NJ","Cape May County",0,0,0,0,0,0,0,0,0,0,0,0,0,0,1666666.66666667,0,0,0,0,0,0,0
"34013","NJ","Essex County",0,0,0,0,0,0,0,0,0,0,0,0,0,0,1666666.66666667,0,0,0,0,0,0,0
"34017","NJ","Hudson County",0,0,0,0,0,0,0,0,0,0,0,0,0,0,1666666.66666667,0,0,0,0,0,0,0
"34023","NJ","Middlesex County",0,0,0,0,0,0,0,0,0,0,0,0,0,0,1666666.66666667,0,0,0,0,0,0,0
"34025","NJ","Monmouth County",0,0,0,0,0,0,0,0,0,0,0,0,0,0,1666666.66666667,0,0,0,0,0,0,0
"34029","NJ","Ocean County",0,0,0,0,0,0,0,0,0,0,0,0,0,0,1666666.66666667,0,0,0,0,0,0,0
"34039","NJ","Union County",0,0,0,0,0,0,0,0,0,0,0,0,0,0,1666666.66666667,0,0,0,0,0,0,0
"36001","NY","Albany County",0,0,592133751.77,0,0,0,0,0,0,0,0,0,112293.7425,0,3742683.67,0,0,0,0,0,0,0
"36005","NY","Bronx County",0,0,0,0,0,0,0,0,0,0,0,0,0,4.5e+07,248828.044,0,0,0,0,0,0,0
"36007","NY","Broome County",0,0,0,0,0,0,0,0,0,0,0,0,5795072.575,0,24262869.0633333,0,0,0,0,0,0,0
"36013","NY","Chautauqua County",0,0,0,0,0,0,0,0,0,0,0,0,164049.78,0,0,0,0,0,0,0,0,0
"36015","NY","Chemung County",0,0,0,0,0,0,0,0,0,0,0,0,99437.29,0,0,0,0,0,0,0,0,0
"36017","NY","Chenango County",0,0,0,0,0,0,0,0,0,0,0,0,90908,0,1065758.75,0,0,0,0,0,0,0
"36019","NY","Clinton County",0,0,0,0,0,0,0,0,0,0,0,0,0,0,3069893.93333333,0,0,0,0,0,0,0
"36021","NY","Columbia County",0,0,194825391.07,0,0,0,0,0,0,0,0,0,21562.655,0,0,0,0,0,0,0,0,0
"36025","NY","Delaware County",0,0,0,0,0,0,0,0,0,0,0,0,2384335.795,0,3034363.47,0,0,0,0,0,0,0
"36027","NY","Dutchess County",0,0,0,0,0,0,0,0,0,0,0,0,0,0,7311142.85,0,0,0,0,0,0,0
"36029","NY","Erie County",0,0,0,0,0,0,0,0,0,0,0,0,83446.59,0,2986224.85,0,0,0,0,0,0,0
"36031","NY","Essex County",0,0,0,0,0,0,0,0,0,0,0,0,0,0,2178091.94,0,0,0,0,0,0,0
"36035","NY","Fulton County",0,0,9471631,0,0,0,0,0,0,0,0,0,188799.49,0,0,0,0,0,0,0,0,0
"36039","NY","Greene County",0,0,0,0,0,0,0,0,0,0,0,0,4441705.87583333,0,1553344.25,0,0,0,0,0,0,0
"36041","NY","Hamilton County",0,0,89606.315,0,0,0,0,0,0,0,0,0,0,0,0,0,0,0,0,0,0,0
"36043","NY","Herkimer County",0,0,0,0,0,0,0,0,0,0,0,0,0,0,882714.49,0,0,0,0,0,0,0
"36045","NY","Jefferson County",0,0,0,0,0,0,0,0,0,0,0,0,38846.05,0,0,0,0,0,0,0,0,0
"36047","NY","Kings County",0,0,24500000,0,0,0,0,0,0,0,0,0,205071.41,147787665.37,6700376.569,0,0,0,0,0,0,0
"36051","NY","Livingston County",0,0,0,0,0,0,0,0,0,0,0,0,236430.34,0,0,0,0,0,0,0,0,0
"36053","NY","Madison County",0,0,11089606.315,0,0,0,0,0,0,0,0,0,0,0,0,0,0,0,0,0,0,0
"36055","NY","Monroe County",0,0,0,0,0,0,0,0,0,0,0,0,25973.93,0,769880.2,0,0,0,0,0,0,0
"36057","NY","Montgomery County",0,0,24728797.87,0,0,0,0,0,0,0,0,0,1623.25,532700000,2377486.87,0,0,0,0,0,0,0
"36059","NY","Nassau County",0,0,0,0,0,0,0,0,0,0,0,0,0,0,184485796.950667,0,0,0,0,0,0,0
"36061","NY","New York County",0,0,3828081052.885,0,0,0,0,0,0,0,0,0,851473.595833333,3467979274.38,3354725509.43233,0,0,0,0,0,0,0
"36065","NY","Oneida County",0,0,0,0,0,0,0,0,0,0,0,0,508000,0,0,0,0,0,0,0,0,0
"36069","NY","Ontario County",0,0,421730.925,0,0,0,0,0,0,0,0,0,280294.09,0,472318.88,0,0,0,0,0,0,0
"36071","NY","Orange County",0,0,0,0,0,0,0,0,0,0,0,0,4743532.13,0,3181339.175,0,0,0,0,0,0,0
"36077","NY","Otsego County",0,0,0,0,0,0,0,0,0,0,0,0,28830.76,0,0,0,0,0,0,0,0,0
"36081","NY","Queens County",0,0,0,0,0,0,0,0,0,0,0,0,0,38555676.75,35964149.0606667,0,0,0,0,0,0,0
"36085","NY","Richmond County",0,0,0,0,0,0,0,0,0,0,0,0,513110.9,53468.29,5668689.695,0,0,0,0,0,0,0
"36087","NY","Rockland County",0,0,0,0,0,0,0,0,0,0,0,0,1476782.355,0,401298.98,0,0,0,0,0,0,0
"36091","NY","Saratoga County",0,0,0,0,0,0,0,0,0,0,0,0,0,0,885995.06,0,0,0,0,0,0,0
"36093","NY","Schenectady County",0,0,0,0,0,0,0,0,0,0,0,0,0,0,12612913.08,0,0,0,0,0,0,0
"36095","NY","Schoharie County",0,0,0,0,0,0,0,0,0,0,0,0,7071806.36333333,0,12212519.4,0,0,0,0,0,0,0
"36099","NY","Seneca County",0,0,1484500,0,0,0,0,0,0,0,0,0,108593.2275,0,0,0,0,0,0,0,0,0
"36103","NY","Suffolk County",0,0,24847374.25,0,0,0,0,0,0,0,0,0,202817.045,0,57630851.7366667,0,0,0,0,0,0,0
"36105","NY","Sullivan County",0,0,3e+05,0,0,0,0,0,0,0,0,0,0,0,0,0,0,0,0,0,0,0
"36107","NY","Tioga County",0,0,0,0,0,0,0,0,0,0,0,0,843612.675,0,7937301.11,0,0,0,0,0,0,0
"36109","NY","Tompkins County",0,0,0,0,0,0,0,0,0,0,0,0,18939.89,0,5106357.14,0,0,0,0,0,0,0
"36111","NY","Ulster County",0,0,0,0,0,0,0,0,0,0,0,0,32910.99,0,29698651.46,0,0,0,0,0,0,0
"36115","NY","Washington County",0,0,893369749.3,0,0,0,0,0,0,0,0,0,0,0,1269851.095,0,0,0,0,0,0,0
"36117","NY","Wayne County",0,0,0,0,0,0,0,0,0,0,0,0,687170.145,0,0,0,0,0,0,0,0,0
"36119","NY","Westchester County",0,0,0,0,0,0,0,0,0,0,0,0,9304.37,0,4038543.715,0,0,0,0,0,0,0
"37011","NC","Avery County",0,0,0,0,409362.095555556,818724.191111111,0,0,0,0,0,0,0,0,0,0,0,0,0,0,0,0
"37013","NC","Beaufort County",0,0,0,0,200885.012222222,401770.024444444,0,0,0,0,0,0,0,0,0,0,0,1e+06,0,0,0,0
"37015","NC","Bertie County",0,0,0,0,0,0,0,0,0,0,0,0,0,0,0,0,0,777500,0,0,0,0
"37017","NC","Bladen County",0,0,0,0,0,0,0,0,0,0,0,0,0,0,0,0,0,755000,0,0,0,0
"37031","NC","Carteret County",0,0,0,0,192859.428888889,385718.857777778,0,0,0,0,0,0,0,0,0,0,0,1e+06,0,0,0,0
"37047","NC","Columbus County",0,0,0,0,0,0,0,0,0,0,0,0,0,0,0,0,0,1e+06,0,0,0,0
"37049","NC","Craven County",0,0,0,0,0,0,0,0,0,0,0,0,0,0,0,0,0,1e+06,0,0,0,0
"37051","NC","Cumberland County",0,0,0,0,0,0,0,0,0,0,0,0,0,0,0,0,0,10060000,0,0,0,0
"37061","NC","Duplin County",0,0,0,0,0,0,0,0,0,0,0,0,0,0,0,0,0,870000,0,0,0,0
"37065","NC","Edgecombe County",0,0,0,0,0,0,0,0,0,0,0,0,0,0,0,0,0,10280000,0,0,0,0
"37079","NC","Greene County",0,0,0,0,0,0,0,0,0,0,0,0,0,0,0,0,0,925000,0,0,0,0
"37095","NC","Hyde County",0,0,0,0,218026.095555556,436052.191111111,0,0,0,0,0,0,0,0,0,0,0,25000,0,0,0,0
"37103","NC","Jones County",0,0,0,0,0,0,0,0,0,0,0,0,0,0,0,0,0,1e+06,0,0,0,0
"37107","NC","Lenoir County",0,0,0,0,0,0,0,0,0,0,0,0,0,0,0,0,0,1e+06,0,0,0,0
"37117","NC","Martin County",0,0,0,0,0,0,0,0,0,0,0,0,0,0,0,0,0,1e+06,0,0,0,0
"37121","NC","Mitchell County",0,0,0,0,268181.095555556,536362.191111111,0,0,0,0,0,0,0,0,0,0,0,0,0,0,0,0
"37127","NC","Nash County",0,0,0,0,0,0,0,0,0,0,0,0,0,0,0,0,0,850000,0,0,0,0
"37137","NC","Pamlico County",0,0,0,0,200885.012222222,401770.024444444,0,0,0,0,0,0,0,0,0,0,0,1e+06,0,0,0,0
"37141","NC","Pender County",0,0,0,0,0,0,0,0,0,0,0,0,0,0,0,0,0,1e+06,0,0,0,0
"37147","NC","Pitt County",0,0,0,0,0,0,0,0,0,0,0,0,0,0,0,0,0,1e+06,0,0,0,0
"37155","NC","Robeson County",0,0,0,0,0,0,0,0,0,0,0,0,0,0,0,0,0,27831250,0,0,0,0
"37177","NC","Tyrrell County",0,0,0,0,0,0,0,0,0,0,0,0,0,0,0,0,0,1e+06,0,0,0,0
"37191","NC","Wayne County",0,0,0,0,0,0,0,0,0,0,0,0,0,0,0,0,0,10231442,0,0,0,0
"38049","ND","McHenry County",0,0,0,0,0,0,0,0,0,0,0,0,221875,0,0,0,0,0,0,0,0,0
"38101","ND","Ward County",0,0,0,0,0,0,0,0,0,0,0,0,120152952.04,0,75609577.59,0,0,0,0,0,0,0
"40005","OK","Atoka County",0,0,0,0,0,0,0,0,0,0,0,0,0,0,28125.48,0,0,0,0,0,0,0
"40017","OK","Canadian County",0,0,0,0,0,0,0,0,0,0,0,0,0,70652.35,70652.35,0,0,0,0,0,0,0
"40027","OK","Cleveland County",0,0,0,0,0,0,0,0,0,0,0,0,0,14204001.445,54731134.765,0,0,0,0,0,0,0
"40037","OK","Creek County",0,0,0,0,0,0,0,0,0,0,0,0,0,11140126.69,11140126.69,0,0,0,0,0,0,0
"40053","OK","Grant County",0,0,0,0,0,0,0,0,0,0,0,0,0,0,43805.16,0,0,0,0,0,0,0
"40063","OK","Hughes County",0,0,0,0,0,0,0,0,0,0,0,0,0,0,0,0,0,0,0,0,0,0
"40073","OK","Kingfisher County",0,0,0,0,0,0,0,0,0,0,0,0,0,1100000,1100000,0,0,0,0,0,0,0
"40081","OK","Lincoln County",0,0,0,0,0,0,0,0,0,0,0,0,0,114417.05,114417.05,0,0,0,0,0,0,0
"40109","OK","Oklahoma County",0,0,0,0,0,0,0,0,0,0,0,0,0,18615314.5,18615314.5,0,0,0,0,0,0,0
"40115","OK","Ottawa County",0,0,0,0,0,0,0,0,0,1793876,0,0,0,0,0,0,0,0,0,0,0,0
"40131","OK","Rogers County",0,0,0,0,0,0,0,0,0,0,0,0,0,98664.255,98664.255,0,0,0,0,0,0,0
"42003","PA","Allegheny County",0,0,0,0,106252.37,318757.11,0,0,0,0,0,0,0,0,0,0,0,0,0,0,0,0
"42015","PA","Bradford County",0,0,0,0,0,0,0,0,0,0,0,0,2164395.26,0,0,0,0,0,0,0,0,0
"42037","PA","Columbia County",0,0,0,0,0,0,0,0,0,0,0,0,21786945.68,0,0,0,0,0,0,0,0,0
"42043","PA","Dauphin County",0,0,0,0,0,0,0,0,0,0,0,0,13093354.61,0,0,0,0,0,0,0,0,0
"42045","PA","Delaware County",0,0,0,0,81250,243750,0,0,0,0,0,0,0,0,0,0,0,0,0,0,0,0
"42069","PA","Lackawanna County",0,0,0,0,0,0,0,0,0,0,0,0,225730,0,0,0,0,0,0,0,0,0
"42073","PA","Lawrence County",0,0,0,0,68750,206250,0,0,0,0,0,0,0,0,0,0,0,0,0,0,0,0
"42075","PA","Lebanon County",0,0,0,0,0,0,0,0,0,0,0,0,182642.53,0,0,0,0,0,0,0,0,0
"42079","PA","Luzerne County",0,0,0,0,140634.885,421904.655,0,0,0,0,0,0,36355696.59,0,0,0,0,0,0,0,0,0
"42081","PA","Lycoming County",0,0,0,0,0,0,0,0,0,0,0,0,1250000,0,0,0,0,0,0,0,0,0
"42091","PA","Montgomery County",0,0,0,0,63187.5,189562.5,0,0,0,0,0,0,0,0,0,0,0,0,0,0,0,0
"42095","PA","Northampton County",0,0,0,0,34457.15,103371.45,0,0,0,0,0,0,0,0,0,0,0,0,0,0,0,0
"42097","PA","Northumberland County",0,0,0,0,0,0,0,0,0,0,0,0,1113725,0,0,0,0,0,0,0,0,0
"42107","PA","Schuylkill County",0,0,0,0,0,0,0,0,0,0,0,0,3226952,0,0,0,0,0,0,0,0,0
"42109","PA","Snyder County",0,0,0,0,0,0,0,0,0,0,0,0,5e+05,0,0,0,0,0,0,0,0,0
"42115","PA","Susquehanna County",0,0,0,0,0,0,0,0,0,0,0,0,358950,0,0,0,0,0,0,0,0,0
"42125","PA","Washington County",0,0,0,0,110000,330000,0,0,0,0,0,0,0,0,0,0,0,0,0,0,0,0
"42129","PA","Westmoreland County",0,0,0,0,31059.9375,93179.8125,0,0,0,0,0,0,905351.26,0,0,0,0,0,0,0,0,0
"42131","PA","Wyoming County",0,0,0,0,0,0,0,0,0,0,0,0,4522813.53,0,0,0,0,0,0,0,0,0
"44001","RI","Bristol County",0,0,0,0,0,0,0,0,0,0,0,1276372.02,0,1737849.24333333,0,0,0,0,0,0,0,0
"44003","RI","Kent County",0,0,0,0,0,0,0,0,0,0,0,3383359.905,0,319354.075,0,0,0,0,0,0,0,0
"44005","RI","Newport County",0,0,0,0,0,0,0,0,0,0,0,0,0,417710.426666667,0,0,0,0,0,0,0,0
"44007","RI","Providence County",0,0,0,0,0,0,0,0,0,0,0,4495972.295,0,968883.333333333,0,0,0,0,0,0,0,0
"44009","RI","Washington County",0,0,0,0,0,0,0,0,0,0,0,94465.82,0,15477083.9716667,0,0,0,0,0,0,0,0
"45005","SC","Allendale County",0,0,0,0,0,0,0,0,0,0,0,0,0,0,0,0,0,788101.739130435,0,0,0,0
"45009","SC","Bamberg County",0,0,0,0,0,0,0,0,0,0,0,0,0,0,0,0,2503929.74223602,788101.739130435,0,0,0,0
"45011","SC","Barnwell County",0,0,0,0,0,0,0,0,0,0,0,0,0,0,0,0,0,788101.739130435,0,0,0,0
"45013","SC","Beaufort County",0,0,0,0,0,0,0,0,0,0,0,0,0,0,0,0,0,788101.739130435,0,0,0,0
"45015","SC","Berkeley County",0,0,0,0,0,0,0,0,0,0,0,0,0,0,0,0,2503929.74223602,788101.739130435,0,0,0,0
"45017","SC","Calhoun County",0,0,0,0,0,0,0,0,0,0,0,0,0,0,0,0,2503929.74223602,788101.739130435,0,0,0,0
"45019","SC","Charleston County",0,0,0,0,0,0,0,0,0,0,0,0,0,0,0,0,9478675.95652174,788101.739130435,0,0,0,0
"45023","SC","Chester County",0,0,0,0,0,0,0,0,0,0,0,0,0,0,0,0,9478675.95652174,788101.739130435,0,0,0,0
"45025","SC","Chesterfield County",0,0,0,0,0,0,0,0,0,0,0,0,0,0,0,0,0,788101.739130435,0,0,0,0
"45027","SC","Clarendon County",0,0,0,0,0,0,0,0,0,0,0,0,0,0,0,0,9478675.95652174,788101.739130435,0,0,0,0
"45029","SC","Colleton County",0,0,0,0,0,0,0,0,0,0,0,0,0,0,0,0,2503929.74223602,788101.739130435,0,0,0,0
"45031","SC","Darlington County",0,0,0,0,0,0,0,0,0,0,0,0,0,0,0,0,2503929.74223602,788101.739130435,0,0,0,0
"45033","SC","Dillon County",0,0,0,0,0,0,0,0,0,0,0,0,0,0,0,0,0,788101.739130435,0,0,0,0
"45035","SC","Dorchester County",0,0,0,0,0,0,0,0,0,0,0,0,0,0,0,0,9478675.95652174,788101.739130435,0,0,0,0
"45039","SC","Fairfield County",0,0,0,0,0,0,0,0,0,0,0,0,0,0,0,0,2503929.74223602,0,0,0,0,0
"45041","SC","Florence County",0,0,0,0,0,0,0,0,0,0,0,0,0,0,0,0,9478675.95652174,788101.739130435,0,0,0,0
"45043","SC","Georgetown County",0,0,0,0,0,0,0,0,0,0,0,0,0,0,0,0,9478675.95652174,788101.739130435,0,0,0,0
"45045","SC","Greenville County",0,0,0,0,0,0,0,0,0,0,0,0,0,0,0,0,2503929.74223602,0,0,0,0,0
"45047","SC","Greenwood County",0,0,0,0,0,0,0,0,0,0,0,0,0,0,0,0,2503929.74223602,0,0,0,0,0
"45049","SC","Hampton County",0,0,0,0,0,0,0,0,0,0,0,0,0,0,0,0,0,788101.739130435,0,0,0,0
"45051","SC","Horry County",0,0,0,0,0,0,0,0,0,0,0,0,0,0,0,0,9478675.95652174,35352680,0,0,0,0
"45053","SC","Jasper County",0,0,0,0,0,0,0,0,0,0,0,0,0,0,0,0,0,788101.739130435,0,0,0,0
"45055","SC","Kershaw County",0,0,0,0,0,0,0,0,0,0,0,0,0,0,0,0,2503929.74223602,0,0,0,0,0
"45061","SC","Lee County",0,0,0,0,0,0,0,0,0,0,0,0,0,0,0,0,2503929.74223602,788101.739130435,0,0,0,0
"45063","SC","Lexington County",0,0,0,0,0,0,0,0,0,0,0,0,0,0,0,0,21370000,0,0,0,0,0
"45067","SC","Marion County",0,0,0,0,0,0,0,0,0,0,0,0,0,0,0,0,2503929.74223602,36852680,0,0,0,0
"45069","SC","Marlboro County",0,0,0,0,0,0,0,0,0,0,0,0,0,0,0,0,0,788101.739130435,0,0,0,0
"45071","SC","Newberry County",0,0,0,0,0,0,0,0,0,0,0,0,0,0,0,0,2503929.74223602,0,0,0,0,0
"45075","SC","Orangeburg County",0,0,0,0,0,0,0,0,0,0,0,0,0,0,0,0,2503929.74223602,788101.739130435,0,0,0,0
"45079","SC","Richland County",0,0,0,0,0,0,0,0,0,0,0,0,0,0,0,0,74794864.61,4754300,0,0,0,0
"45083","SC","Spartanburg County",0,0,0,0,0,0,0,0,0,0,0,0,0,0,0,0,2503929.74223602,0,0,0,0,0
"45085","SC","Sumter County",0,0,0,0,0,0,0,0,0,0,0,0,0,0,0,0,9478675.95652174,788101.739130435,0,0,0,0
"45089","SC","Williamsburg County",0,0,0,0,0,0,0,0,0,0,0,0,0,0,0,0,9478675.95652174,788101.739130435,0,0,0,0
"46007","SD","Bennett County",0,0,0,0,0,0,0,0,0,397454.2,0,0,0,0,0,0,0,0,0,0,0,0
"46019","SD","Butte County",0,0,0,0,0,0,0,0,0,397454.2,0,0,0,0,0,0,0,0,0,0,0,0
"46063","SD","Harding County",0,0,0,0,0,0,0,0,0,397454.2,0,0,0,0,0,0,0,0,0,0,0,0
"46071","SD","Jackson County",0,0,0,0,0,0,0,0,0,397454.2,0,0,0,0,0,0,0,0,0,0,0,0
"46105","SD","Perkins County",0,0,0,0,0,0,0,0,0,397454.2,0,0,0,0,0,0,0,0,0,0,0,0
"47011","TN","Bradley County",0,0,0,0,0,0,0,0,0,0,0,0,160954.05,32190.81,0,0,0,0,0,0,0,0
"47013","TN","Campbell County",0,0,0,0,0,0,0,0,0,0,0,0,201600,40320,0,0,0,0,0,0,0,0
"47017","TN","Carroll County",0,0,0,0,0,0,0,0,0,0,0,1747567.58,37838.2333333333,7567.64666666667,0,0,0,0,0,0,0,0
"47021","TN","Cheatham County",0,0,0,0,0,0,0,0,0,0,0,5e+05,0,0,0,0,0,0,0,0,0,0
"47027","TN","Clay County",0,0,0,0,0,0,0,0,0,0,0,1556486,0,0,0,0,0,0,0,0,0,0
"47033","TN","Crockett County",0,0,0,0,0,0,0,0,0,0,0,2394352.46,0,0,0,0,0,0,0,0,0,0
"47035","TN","Cumberland County",0,0,0,0,0,0,0,0,0,0,0,0,192812.5,38562.5,0,0,0,0,0,0,0,0
"47037","TN","Davidson County",0,0,0,0,0,0,0,0,0,0,0,1997872,24769.9333333333,4953.98666666667,0,0,0,0,0,0,0,0
"47039","TN","Decatur County",0,0,0,0,0,0,0,0,0,0,0,1172375,0,0,0,0,0,0,0,0,0,0
"47045","TN","Dyer County",0,0,0,0,0,0,0,0,0,0,0,1053824,184186.991666667,36837.3983333333,16637985.75,0,0,0,0,0,0,0
"47053","TN","Gibson County",0,0,0,0,0,0,0,0,0,0,0,3567395.54,252569.6,50513.92,0,0,0,0,0,0,0,0
"47069","TN","Hardeman County",0,0,0,0,0,0,0,0,0,0,0,1672018.83,97758.0916666667,19551.6183333333,0,0,0,0,0,0,0,0
"47075","TN","Haywood County",0,0,0,0,0,0,0,0,0,0,0,5e+05,0,0,0,0,0,0,0,0,0,0
"47077","TN","Henderson County",0,0,0,0,0,0,0,0,0,0,0,1167722.4,0,0,0,0,0,0,0,0,0,0
"47087","TN","Jackson County",0,0,0,0,0,0,0,0,0,0,0,1e+06,0,0,13400000,0,0,0,0,0,0,0
"47091","TN","Johnson County",0,0,0,0,0,0,0,0,0,0,0,682035,156813.766666667,31362.7533333333,0,0,0,0,0,0,0,0
"47095","TN","Lake County",0,0,0,0,0,0,0,0,0,0,0,2e+05,0,0,96385.75,0,0,0,0,0,0,0
"47097","TN","Lauderdale County",0,0,0,0,0,0,0,0,0,0,0,3045364.58,192578.208333333,38515.6416666667,3434885.75,0,0,0,0,0,0,0
"47099","TN","Lawrence County",0,0,0,0,0,0,0,0,0,0,0,542977.11,0,0,0,0,0,0,0,0,0,0
"47101","TN","Lewis County",0,0,0,0,0,0,0,0,0,0,0,0,124957.333333333,24991.4666666667,0,0,0,0,0,0,0,0
"47113","TN","Madison County",0,0,0,0,0,0,0,0,0,0,0,1e+06,0,0,13436385.75,0,0,0,0,0,0,0
"47119","TN","Maury County",0,0,0,0,0,0,0,0,0,0,0,165306,0,0,0,0,0,0,0,0,0,0
"47123","TN","Monroe County",0,0,0,0,0,0,0,0,0,0,0,0,208303.333333333,41660.6666666667,0,0,0,0,0,0,0,0
"47125","TN","Montgomery County",0,0,0,0,0,0,0,0,0,0,0,447232,0,0,0,0,0,0,0,0,0,0
"47131","TN","Obion County",0,0,0,0,0,0,0,0,0,0,0,320021.37,231494.541666667,46298.9083333333,0,0,0,0,0,0,0,0
"47135","TN","Perry County",0,0,0,0,0,0,0,0,0,0,0,0,170043.175,34008.635,0,0,0,0,0,0,0,0
"47143","TN","Rhea County",0,0,0,0,0,0,0,0,0,0,0,0,207812.5,41562.5,0,0,0,0,0,0,0,0
"47149","TN","Rutherford County",0,0,0,0,0,0,0,0,0,0,0,288612.23,0,0,0,0,0,0,0,0,0,0
"47151","TN","Scott County",0,0,0,0,0,0,0,0,0,0,0,182873.99,0,0,0,0,0,0,0,0,0,0
"47157","TN","Shelby County",0,0,0,0,0,0,0,0,0,0,0,5067949,8038900.06666667,1607780.01333333,146159872,0,0,0,0,0,0,0
"47159","TN","Smith County",0,0,0,0,0,0,0,0,0,0,0,110575,0,0,0,0,0,0,0,0,0,0
"47161","TN","Stewart County",0,0,0,0,0,0,0,0,0,0,0,750000,0,0,0,0,0,0,0,0,0,0
"47167","TN","Tipton County",0,0,0,0,0,0,0,0,0,0,0,2341558,0,0,2945000,0,0,0,0,0,0,0
"47173","TN","Union County",0,0,0,0,0,0,0,0,0,0,0,1e+06,0,0,0,0,0,0,0,0,0,0
"47181","TN","Wayne County",0,0,0,0,0,0,0,0,0,0,0,1694606.39,0,0,0,0,0,0,0,0,0,0
"47183","TN","Weakley County",0,0,0,0,0,0,0,0,0,0,0,0,38659.9583333333,7731.99166666667,0,0,0,0,0,0,0,0
"47185","TN","White County",0,0,0,0,0,0,0,0,0,0,0,1280986.4,0,0,0,0,0,0,0,0,0,0
"48001","TX","Anderson County",0,0,0,0,0,0,0,0,0,680382.471666667,0,0,0,0,0,0,0,0,0,0,0,0
"48005","TX","Angelina County",0,0,0,0,0,0,11301419.1876515,0,0,13401373.6984615,0,0,0,0,0,0,0,0,0,0,0,0
"48007","TX","Aransas County",0,0,0,0,0,0,0,0,0,2923376.62,0,0,0,0,0,0,0,0,0,0,0,0
"48015","TX","Austin County",0,0,0,0,0,0,3636116.19,0,0,56047599.9821429,0,0,277495.32,0,0,0,0,0,0,0,0,0
"48021","TX","Bastrop County",0,0,0,0,0,0,0,0,0,0,0,0,33726926.72,0,0,0,0,0,0,0,0,0
"48025","TX","Bee County",0,0,0,0,0,0,27070025.56,0,0,1275432.01,0,0,0,0,0,0,0,0,0,0,0,0
"48027","TX","Bell County",0,0,0,0,0,0,0,0,0,2310229.26,0,0,0,0,0,0,0,0,0,0,0,0
"48029","TX","Bexar County",0,0,0,0,0,0,94445,0,0,438579.235,0,0,0,0,0,0,982300,0,0,0,0,0
"48035","TX","Bosque County",0,0,0,0,0,0,0,0,0,209093.503333333,0,0,0,0,0,0,894980,0,0,0,0,0
"48039","TX","Brazoria County",0,0,0,0,0,0,10337499.2618182,0,0,27584370.8521429,0,0,0,0,0,0,0,0,0,0,0,0
"48041","TX","Brazos County",0,0,0,0,0,0,0,0,0,2985086.5,0,0,0,0,0,0,0,0,0,0,0,0
"48047","TX","Brooks County",0,0,0,0,0,0,0,0,0,2146974.51,0,0,0,0,0,0,0,0,0,0,0,0
"48049","TX","Brown County",0,0,0,0,0,0,46781,0,0,4002683.18,0,0,0,0,0,0,0,0,0,0,0,0
"48051","TX","Burleson County",0,0,0,0,0,0,0,0,0,1256084.1,0,0,0,0,0,0,580000,0,0,0,0,0
"48057","TX","Calhoun County",0,0,0,0,0,0,0,0,0,551975.456666667,0,0,0,0,0,0,0,0,0,0,0,0
"48061","TX","Cameron County",0,0,0,0,0,0,0,0,0,50992788.5566667,0,0,0,0,0,0,0,0,0,0,0,0
"48063","TX","Camp County",0,0,0,0,0,0,0,0,0,19305.9766666667,0,0,0,0,0,0,0,0,0,0,0,0
"48067","TX","Cass County",0,0,0,0,0,0,0,0,0,113743.825,0,0,0,0,0,0,0,0,0,0,0,0
"48069","TX","Castro County",0,0,0,0,0,0,0,0,0,449058.895,0,0,0,0,0,0,0,0,0,0,0,0
"48071","TX","Chambers County",0,0,0,0,0,0,11797620.2618182,0,0,70564632.5021429,0,0,0,0,0,0,0,0,0,0,0,0
"48073","TX","Cherokee County",0,0,0,0,0,0,375400,0,0,5150067.47666667,0,0,0,0,0,0,0,0,0,0,0,0
"48085","TX","Collin County",0,0,0,0,0,0,0,0,0,2052635.61,0,0,0,0,0,0,0,0,0,0,0,0
"48089","TX","Colorado County",0,0,0,0,0,0,0,0,0,823865.942142857,0,0,0,0,0,0,0,0,0,0,0,0
"48099","TX","Coryell County",0,0,0,0,0,0,0,0,0,0,0,0,310826.98,0,0,0,0,0,0,0,0,0
"48105","TX","Crockett County",0,0,0,0,0,0,189946,0,0,2424324.34,0,0,0,0,0,0,0,0,0,0,0,0
"48115","TX","Dawson County",0,0,0,0,0,0,0,0,0,0,0,0,0,0,0,0,996500,0,0,0,0,0
"48157","TX","Fort Bend County",0,0,0,0,0,0,9644999.26181818,0,0,2736879.91214286,0,0,0,0,0,0,0,0,0,0,0,0
"48167","TX","Galveston County",0,0,0,0,0,0,13168329.1118182,0,0,911401030.357143,0,0,0,0,0,0,0,0,0,0,0,0
"48183","TX","Gregg County",0,0,0,0,0,0,436665.98,0,0,2740704.78666667,0,0,0,0,0,0,0,0,0,0,0,0
"48185","TX","Grimes County",0,0,0,0,0,0,0,0,0,1893726.71,0,0,0,0,0,0,866457,0,0,0,0,0
"48191","TX","Hall County",0,0,0,0,0,0,4703909.91,0,0,257119200.685,0,0,0,0,0,0,1399191.64,0,0,0,0,0
"48193","TX","Hamilton County",0,0,0,0,0,0,0,0,0,5047670.87,0,0,0,0,0,0,0,0,0,0,0,0
"48199","TX","Hardin County",0,0,0,0,0,0,25844305.6284848,0,0,21424564.7384615,0,0,0,0,0,0,0,0,0,0,0,0
"48201","TX","Harris County",0,0,0,0,0,0,30853496.9768182,0,0,311041574.467143,0,0,0,0,0,0,13905527,0,0,0,0,0
"48203","TX","Harrison County",0,0,0,0,0,0,0,0,0,445063.901666667,0,0,0,0,0,0,0,0,0,0,0,0
"48209","TX","Hays County",0,0,0,0,0,0,0,0,0,0,0,0,0,0,0,0,41146753.24,0,0,0,0,0
"48211","TX","Hemphill County",0,0,0,0,0,0,31508.5,0,0,459842.26,0,0,0,0,0,0,0,0,0,0,0,0
"48213","TX","Henderson County",0,0,0,0,0,0,4149986.51,0,0,19305.9766666667,0,0,0,0,0,0,0,0,0,0,0,0
"48215","TX","Hidalgo County",0,0,0,0,0,0,29938725.33,0,0,328143051.081667,0,0,0,0,0,0,2156979,0,0,0,0,0
"48217","TX","Hill County",0,0,0,0,0,0,31508.5,0,0,519793.485,0,0,0,0,0,0,1021500,0,0,0,0,0
"48225","TX","Houston County",0,0,0,0,0,0,45790393.1958333,0,0,364599785.515604,0,0,0,0,0,0,45758302.79,0,0,0,0,0
"48231","TX","Hunt County",0,0,0,0,0,0,441583,0,0,696594.11,0,0,0,0,0,0,0,0,0,0,0,0
"48237","TX","Jack County",0,0,0,0,0,0,0,0,0,199862.19,0,0,0,0,0,0,0,0,0,0,0,0
"48239","TX","Jackson County",0,0,0,0,0,0,0,0,0,199862.19,0,0,0,0,0,0,0,0,0,0,0,0
"48241","TX","Jasper County",0,0,0,0,0,0,19136796.9076515,0,0,14348228.0984615,0,0,0,0,0,0,2115633.33,0,0,0,0,0
"48245","TX","Jefferson County",0,0,0,0,0,0,101290844.238485,0,0,117561196.62,0,0,0,0,0,0,0,0,0,0,0,0
"48247","TX","Jim Hogg County",0,0,0,0,0,0,0,0,0,165482.5,0,0,0,0,0,0,0,0,0,0,0,0
"48249","TX","Jim Wells County",0,0,0,0,0,0,0,0,0,1300306.94,0,0,0,0,0,0,3094590,0,0,0,0,0
"48257","TX","Kaufman County",0,0,0,0,0,0,0,0,0,291939.89,0,0,0,0,0,0,0,0,0,0,0,0
"48259","TX","Kendall County",0,0,0,0,0,0,0,0,0,65762.5966666667,0,0,0,0,0,0,0,0,0,0,0,0
"48261","TX","Kenedy County",0,0,0,0,0,0,0,0,0,1017094.85,0,0,0,0,0,0,0,0,0,0,0,0
"48273","TX","Kleberg County",0,0,0,0,0,0,0,0,0,2302325.93,0,0,0,0,0,0,0,0,0,0,0,0
"48277","TX","Lamar County",0,0,0,0,0,0,0,0,0,11048921.11,0,0,0,0,0,0,1962532,0,0,0,0,0
"48285","TX","Lavaca County",0,0,0,0,0,0,0,0,0,181506.44,0,0,0,0,0,0,0,0,0,0,0,0
"48287","TX","Lee County",0,0,0,0,0,0,0,0,0,1425866.57,0,0,0,0,0,0,0,0,0,0,0,0
"48289","TX","Leon County",0,0,0,0,0,0,0,0,0,1109141.84,0,0,0,0,0,0,1835975,0,0,0,0,0
"48291","TX","Liberty County",0,0,0,0,0,0,15097209.2618182,0,0,48991154.6521429,0,0,0,0,0,0,0,0,0,0,0,0
"48309","TX","McLennan County",0,0,0,0,0,0,0,0,0,2397173.815,0,0,0,0,0,0,0,0,0,0,0,0
"48313","TX","Madison County",0,0,0,0,0,0,0,0,0,2214394.03,0,0,0,0,0,0,0,0,0,0,0,0
"48315","TX","Marion County",0,0,0,0,0,0,0,0,0,93729.6766666667,0,0,0,0,0,0,0,0,0,0,0,0
"48321","TX","Matagorda County",0,0,0,0,0,0,0,0,0,17394292.7121429,0,0,0,0,0,0,0,0,0,0,0,0
"48325","TX","Medina County",0,0,0,0,0,0,0,0,0,565422.025,0,0,0,0,0,0,0,0,0,0,0,0
"48331","TX","Milam County",0,0,0,0,0,0,0,0,0,523681.85,0,0,0,0,0,0,0,0,0,0,0,0
"48339","TX","Montgomery County",0,0,0,0,0,0,10793166.8018182,0,0,13437426.4121429,0,0,0,0,0,0,0,0,0,0,0,0
"48347","TX","Nacogdoches County",0,0,0,0,0,0,10803760.5376515,0,0,13556923.7784615,0,0,0,0,0,0,0,0,0,0,0,0
"48349","TX","Navarro County",0,0,0,0,0,0,0,0,0,0,0,0,0,0,0,0,4606500,0,0,0,0,0
"48351","TX","Newton County",0,0,0,0,0,0,14380350.0676515,0,0,8906320.71846154,0,0,66678.41,0,0,0,11281888,18563776,0,0,0,0
"48355","TX","Nueces County",0,0,0,0,0,0,0,0,0,1570978.03,0,0,0,0,0,0,0,0,0,0,0,0
"48361","TX","Orange County",0,0,0,0,0,0,40994847.8184849,0,0,96021421.01,0,0,0,0,0,0,1200000,0,0,0,0,0
"48365","TX","Panola County",0,0,0,0,0,0,4753452,0,0,602168.006666667,0,0,0,0,0,0,0,0,0,0,0,0
"48373","TX","Polk County",0,0,0,0,0,0,11318139.6076515,0,0,16115967.0384615,0,0,0,0,0,0,0,0,0,0,0,0
"48379","TX","Rains County",0,0,0,0,0,0,6252,0,0,703266.816666667,0,0,0,0,0,0,0,0,0,0,0,0
"48387","TX","Red River County",0,0,0,0,0,0,0,0,0,175814.96,0,0,0,0,0,0,0,0,0,0,0,0
"48391","TX","Refugio County",0,0,0,0,0,0,0,0,0,272938.44,0,0,0,0,0,0,0,0,0,0,0,0
"48393","TX","Roberts County",0,0,0,0,0,0,0,0,0,457237.185,0,0,0,0,0,0,0,0,0,0,0,0
"48395","TX","Robertson County",0,0,0,0,0,0,0,0,0,457237.185,0,0,0,0,0,0,0,0,0,0,0,0
"48401","TX","Rusk County",0,0,0,0,0,0,246865.51,0,0,1909202.20666667,0,0,0,0,0,0,0,0,0,0,0,0
"48403","TX","Sabine County",0,0,0,0,0,0,21547283.9276515,0,0,6859213.23846154,0,0,0,0,0,0,0,0,0,0,0,0
"48405","TX","San Augustine County",0,0,0,0,0,0,10567513.4376515,0,0,9266588.89846154,0,0,0,0,0,0,0,0,0,0,0,0
"48407","TX","San Jacinto County",0,0,0,0,0,0,10748035.8426515,0,0,19658824.2934615,0,0,0,0,0,0,0,0,0,0,0,0
"48409","TX","San Patricio County",0,0,0,0,0,0,0,0,0,1527655.09,0,0,0,0,0,0,0,0,0,0,0,0
"48419","TX","Shelby County",0,0,0,0,0,0,13657168.5776515,0,0,9354990.28846154,0,0,0,0,0,0,0,0,0,0,0,0
"48423","TX","Smith County",0,0,0,0,0,0,0,0,0,525331.026666667,0,0,0,0,0,0,0,0,0,0,0,0
"48427","TX","Starr County",0,0,0,0,0,0,0,0,0,6037156.595,0,0,0,0,0,0,0,0,0,0,0,0
"48439","TX","Tarrant County",0,0,0,0,0,0,82158,0,0,520684.915,0,0,0,0,0,0,0,0,0,0,0,0
"48441","TX","Taylor County",0,0,0,0,0,0,53316.12,0,0,922099.57,0,0,0,0,0,0,11125866.6666667,22251733.3333333,38889619.6,0,0,0
"48455","TX","Trinity County",0,0,0,0,0,0,10494362.4376515,0,0,8532674.14846154,0,0,0,0,0,0,0,0,0,0,0,0
"48457","TX","Tyler County",0,0,0,0,0,0,17904834.8776515,0,0,14596841.7384615,0,0,0,0,0,0,0,0,0,0,0,0
"48459","TX","Upshur County",0,0,0,0,0,0,0,0,0,383142.506666667,0,0,0,0,0,0,0,0,0,0,0,0
"48467","TX","Van Zandt County",0,0,0,0,0,0,0,0,0,280669.086666667,0,0,0,0,0,0,0,0,0,0,0,0
"48469","TX","Victoria County",0,0,0,0,0,0,0,0,0,359845.56,0,0,0,0,0,0,0,0,0,0,0,0
"48471","TX","Walker County",0,0,0,0,0,0,12955929.2618182,0,0,1823022.25214286,0,0,1060512.88,0,0,0,0,0,0,0,0,0
"48473","TX","Waller County",0,0,0,0,0,0,0,0,0,2035007.72214286,0,0,0,0,0,0,0,0,0,0,0,0
"48475","TX","Ward County",0,0,0,0,0,0,0,0,0,0,0,0,0,0,0,0,0,0,0,0,0,0
"48477","TX","Washington County",0,0,0,0,0,0,0,0,0,631302.79,0,0,0,0,0,0,0,0,0,0,0,0
"48481","TX","Wharton County",0,0,0,0,0,0,0,0,0,823865.942142857,0,0,0,0,0,0,0,0,0,0,0,0
"48489","TX","Willacy County",0,0,0,0,0,0,0,0,0,15757151.5766667,0,0,0,0,0,0,2965925,0,0,0,0,0
"48497","TX","Wise County",0,0,0,0,0,0,0,0,0,5e+06,0,0,0,0,0,0,999348,0,0,0,0,0
"48499","TX","Wood County",0,0,0,0,0,0,264993,0,0,9279505.58666667,0,0,0,0,0,0,0,0,0,0,0,0
"48507","TX","Zavala County",0,0,0,0,0,0,44901.12,0,0,0,0,0,0,0,0,0,0,0,0,0,0,0
"50003","VT","Bennington County",0,0,0,0,0,0,0,0,0,0,0,0,40996.8,10249.2,0,0,0,0,0,0,0,0
"50007","VT","Chittenden County",0,0,0,0,0,0,0,0,0,0,0,0,31125,0,0,0,0,0,0,0,0,0
"5001","AR","Arkansas County",0,0,0,0,0,0,0,0,0,5819779.715,0,0,0,0,0,0,0,0,0,0,0,0
"50015","VT","Lamoille County",0,0,0,0,0,0,0,0,0,0,0,0,717538.6,65838.4,0,0,0,0,0,0,0,0
"50017","VT","Orange County",0,0,0,0,0,0,0,0,0,0,0,0,183522.214,31725.8,0,0,0,0,0,0,0,0
"50021","VT","Rutland County",0,0,0,0,0,0,0,0,0,0,0,0,111619.014,0,0,0,0,0,0,0,0,0
"50023","VT","Washington County",0,0,0,0,0,0,0,0,0,0,0,0,8757504.81233333,651689.7,0,0,0,0,0,0,0,0
"50025","VT","Windham County",0,0,0,0,0,0,0,0,0,0,0,0,2655843.38733333,229151.4,0,0,0,0,0,0,0,0
"50027","VT","Windsor County",0,0,0,0,0,0,0,0,0,0,0,0,12358139.6323333,764543.1,0,0,0,0,0,0,0,0
"5003","AR","Ashley County",0,0,0,0,0,0,0,0,0,553291.79,0,0,0,0,0,0,0,0,0,0,0,0
"5007","AR","Benton County",0,0,0,0,0,0,0,0,0,2397091.93,0,0,0,0,0,0,0,0,0,0,0,0
"5009","AR","Boone County",0,0,0,0,0,0,0,0,0,199984.89,0,0,0,0,0,0,0,0,0,0,0,0
"5011","AR","Bradley County",0,0,0,0,0,0,0,0,0,2385479.26,0,0,0,0,0,0,0,0,0,0,0,0
"5013","AR","Calhoun County",0,0,0,0,0,0,0,0,0,422194.63,0,0,0,0,0,0,0,0,0,0,0,0
"5015","AR","Carroll County",0,0,0,0,0,0,0,0,0,735500,0,0,0,0,0,0,0,0,0,0,0,0
"5017","AR","Chicot County",0,0,0,0,0,0,0,0,0,1078913.2,0,0,0,0,0,0,0,0,0,0,0,0
"5021","AR","Clay County",0,0,0,0,0,0,0,0,0,405178.17,0,0,0,0,0,0,0,0,0,0,0,0
"5023","AR","Cleburne County",0,0,0,0,0,0,0,0,0,509673.3,0,0,0,0,0,0,0,0,0,0,0,0
"5025","AR","Cleveland County",0,0,0,0,0,0,0,0,0,1423931.89,0,0,0,0,0,0,0,0,0,0,0,0
"5027","AR","Columbia County",0,0,0,0,0,0,0,0,0,29478,0,0,0,0,0,0,0,0,0,0,0,0
"5029","AR","Conway County",0,0,0,0,0,0,0,0,0,963482.85,0,0,0,0,0,0,0,0,0,0,0,0
"5031","AR","Craighead County",0,0,0,0,0,0,0,0,0,574376.125,0,0,0,0,0,0,0,0,0,0,0,0
"5033","AR","Crawford County",0,0,0,0,0,0,0,0,0,1372208.27,0,0,0,0,0,0,0,0,0,0,0,0
"5035","AR","Crittenden County",0,0,0,0,0,0,0,0,0,1802109.8,0,0,0,0,0,0,0,0,0,0,0,0
"5037","AR","Cross County",0,0,0,0,0,0,0,0,0,836210.45,0,0,0,0,0,0,0,0,0,0,0,0
"5039","AR","Dallas County",0,0,0,0,0,0,0,0,0,380875.15,0,0,0,0,0,0,0,0,0,0,0,0
"5041","AR","Desha County",0,0,0,0,0,0,0,0,0,1464149.47,0,0,0,0,0,0,0,0,0,0,0,0
"5043","AR","Drew County",0,0,0,0,0,0,0,0,0,778575.66,0,0,0,0,0,0,0,0,0,0,0,0
"5045","AR","Faulkner County",0,0,0,0,0,0,0,0,0,414490.5,0,0,0,0,0,0,0,0,0,0,0,0
"5047","AR","Franklin County",0,0,0,0,0,0,0,0,0,737326.48,0,0,0,0,0,0,0,0,0,0,0,0
"5049","AR","Fulton County",0,0,0,0,0,0,0,0,0,1697224.18,0,0,0,0,0,0,0,0,0,0,0,0
"5051","AR","Garland County",0,0,0,0,0,0,0,0,0,723626.07,0,0,0,0,0,0,0,0,0,0,0,0
"5053","AR","Grant County",0,0,0,0,0,0,0,0,0,23748.75,0,0,0,0,0,0,0,0,0,0,0,0
"5055","AR","Greene County",0,0,0,0,0,0,0,0,0,169061.19,0,0,0,0,0,0,0,0,0,0,0,0
"5057","AR","Hempstead County",0,0,0,0,0,0,0,0,0,774787.1,0,0,0,0,0,0,0,0,0,0,0,0
"5059","AR","Hot Spring County",0,0,0,0,0,0,0,0,0,685393.42,0,0,0,0,0,0,0,0,0,0,0,0
"5061","AR","Howard County",0,0,0,0,0,0,0,0,0,413059.65,0,0,0,0,0,0,0,0,0,0,0,0
"5063","AR","Independence County",0,0,0,0,0,0,0,0,0,2327889.66,0,0,0,0,0,0,0,0,0,0,0,0
"5065","AR","Izard County",0,0,0,0,0,0,0,0,0,581547.24,0,0,0,0,0,0,0,0,0,0,0,0
"5067","AR","Jackson County",0,0,0,0,0,0,0,0,0,1735718.7,0,0,0,0,0,0,0,0,0,0,0,0
"5069","AR","Jefferson County",0,0,0,0,0,0,0,0,0,1801815.75,0,0,0,0,0,0,0,0,0,0,0,0
"5071","AR","Johnson County",0,0,0,0,0,0,0,0,0,30145.1,0,0,0,0,0,0,0,0,0,0,0,0
"5073","AR","Lafayette County",0,0,0,0,0,0,0,0,0,201799.41,0,0,0,0,0,0,0,0,0,0,0,0
"5075","AR","Lawrence County",0,0,0,0,0,0,0,0,0,318877.02,0,0,0,0,0,0,0,0,0,0,0,0
"5077","AR","Lee County",0,0,0,0,0,0,0,0,0,789410,0,0,0,0,0,0,0,0,0,0,0,0
"5079","AR","Lincoln County",0,0,0,0,0,0,0,0,0,1700282.49,0,0,0,0,0,0,0,0,0,0,0,0
"5081","AR","Little River County",0,0,0,0,0,0,0,0,0,1336822.16,0,0,0,0,0,0,0,0,0,0,0,0
"5083","AR","Logan County",0,0,0,0,0,0,0,0,0,364884.32,0,0,0,0,0,0,0,0,0,0,0,0
"5085","AR","Lonoke County",0,0,0,0,0,0,0,0,0,2690320.26,0,0,0,0,0,0,0,0,0,0,0,0
"5087","AR","Madison County",0,0,0,0,0,0,0,0,0,430249.96,0,0,0,0,0,0,0,0,0,0,0,0
"5089","AR","Marion County",0,0,0,0,0,0,0,0,0,1120427.05,0,0,0,0,0,0,0,0,0,0,0,0
"5091","AR","Miller County",0,0,0,0,0,0,0,0,0,694920.5,0,0,0,0,0,0,0,0,0,0,0,0
"5093","AR","Mississippi County",0,0,0,0,0,0,0,0,0,603309.3,0,0,0,0,0,0,0,0,0,0,0,0
"5095","AR","Monroe County",0,0,0,0,0,0,0,0,0,1627123.89,0,0,0,0,0,0,0,0,0,0,0,0
"5097","AR","Montgomery County",0,0,0,0,0,0,0,0,0,784987.43,0,0,0,0,0,0,0,0,0,0,0,0
"5099","AR","Nevada County",0,0,0,0,0,0,0,0,0,127321,0,0,0,0,0,0,0,0,0,0,0,0
"5101","AR","Newton County",0,0,0,0,0,0,0,0,0,366514.42,0,0,0,0,0,0,0,0,0,0,0,0
"5105","AR","Perry County",0,0,0,0,0,0,0,0,0,291522.92,0,0,0,0,0,0,0,0,0,0,0,0
"5107","AR","Phillips County",0,0,0,0,0,0,0,0,0,3040804,0,0,0,0,0,0,0,0,0,0,0,0
"5109","AR","Pike County",0,0,0,0,0,0,0,0,0,450000,0,0,0,0,0,0,0,0,0,0,0,0
"5111","AR","Poinsett County",0,0,0,0,0,0,0,0,0,789305.49,0,0,0,0,0,0,0,0,0,0,0,0
"5117","AR","Prairie County",0,0,0,0,0,0,0,0,0,21811.375,0,0,0,0,0,0,0,0,0,0,0,0
"5119","AR","Pulaski County",0,0,0,0,0,0,0,0,0,11330382.81,0,0,0,0,0,0,0,0,0,0,0,0
"5121","AR","Randolph County",0,0,0,0,0,0,0,0,0,1369284.4,0,0,0,0,0,0,0,0,0,0,0,0
"5123","AR","St. Francis County",0,0,0,0,0,0,0,0,0,2330907.38,0,0,0,0,0,0,0,0,0,0,0,0
"5125","AR","Saline County",0,0,0,0,0,0,0,0,0,4244945.24,0,0,0,0,0,0,0,0,0,0,0,0
"5127","AR","Scott County",0,0,0,0,0,0,0,0,0,1102328.46,0,0,0,0,0,0,0,0,0,0,0,0
"5129","AR","Searcy County",0,0,0,0,0,0,0,0,0,900126.89,0,0,0,0,0,0,0,0,0,0,0,0
"5131","AR","Sebastian County",0,0,0,0,0,0,0,0,0,1518138.74,0,0,0,0,0,0,0,0,0,0,0,0
"5135","AR","Sharp County",0,0,0,0,0,0,0,0,0,658166.64,0,0,0,0,0,0,0,0,0,0,0,0
"5137","AR","Stone County",0,0,0,0,0,0,0,0,0,778282.43,0,0,0,0,0,0,0,0,0,0,0,0
"5139","AR","Union County",0,0,0,0,0,0,0,0,0,938064.98,0,0,0,0,0,0,0,0,0,0,0,0
"5141","AR","Van Buren County",0,0,0,0,0,0,0,0,0,2719848.895,0,0,0,0,0,0,0,0,0,0,0,0
"5143","AR","Washington County",0,0,0,0,0,0,0,0,0,2615511.66,0,0,0,0,0,0,0,0,0,0,0,0
"5145","AR","White County",0,0,0,0,0,0,0,0,0,2350463.42,0,0,0,0,0,0,0,0,0,0,0,0
"5147","AR","Woodruff County",0,0,0,0,0,0,0,0,0,1304159.41,0,0,0,0,0,0,0,0,0,0,0,0
"5149","AR","Yell County",0,0,0,0,0,0,0,0,0,974640.59,0,0,0,0,0,0,0,0,0,0,0,0
"54007","WV","Braxton County",0,0,0,0,0,0,0,0,0,5e+05,0,0,0,0,0,0,0,0,0,0,0,0
"54013","WV","Calhoun County",0,0,0,0,0,0,0,0,0,505422.66,0,0,0,0,0,0,0,0,0,0,0,0
"54015","WV","Clay County",0,0,0,0,0,0,0,0,0,0,0,0,0,0,0,0,0,26774744.9758333,0,0,0,0
"54019","WV","Fayette County",0,0,0,0,0,0,0,0,0,0,0,0,0,0,0,0,0,2477978.72583333,0,0,0,0
"54025","WV","Greenbrier County",0,0,0,0,0,0,0,0,0,0,0,0,0,0,0,0,0,27028469.9758333,0,0,0,0
"54033","WV","Harrison County",0,0,0,0,0,0,0,0,0,956925.83,0,0,0,0,0,0,0,0,0,0,0,0
"54035","WV","Jackson County",0,0,0,0,0,0,0,0,0,0,0,0,0,0,0,0,0,2477978.72583333,0,0,0,0
"54039","WV","Kanawha County",0,0,0,0,0,0,0,0,0,156396.75,0,0,0,0,0,0,0,39473210.2658333,0,0,0,0
"54043","WV","Lincoln County",0,0,0,0,0,0,0,0,0,0,0,0,0,0,0,0,0,2477978.72583333,0,0,0,0
"54063","WV","Monroe County",0,0,0,0,0,0,0,0,0,0,0,0,0,0,0,0,0,2477978.72583333,0,0,0,0
"54067","WV","Nicholas County",0,0,0,0,0,0,0,0,0,0,0,0,0,0,0,0,0,26774744.9758333,0,0,0,0
"54075","WV","Pocahontas County",0,0,0,0,0,0,0,0,0,0,0,0,0,0,0,0,0,2477978.72583333,0,0,0,0
"54087","WV","Roane County",0,0,0,0,0,0,0,0,0,0,0,0,0,0,0,0,0,2477978.72583333,0,0,0,0
"54089","WV","Summers County",0,0,0,0,0,0,0,0,0,0,0,0,0,0,0,0,0,2477978.72583333,0,0,0,0
"54093","WV","Tucker County",0,0,0,0,0,0,0,0,0,1e+06,0,0,0,0,0,0,0,0,0,0,0,0
"54101","WV","Webster County",0,0,0,0,0,0,0,0,0,0,0,0,0,0,0,0,0,2477978.72583333,0,0,0,0
"55001","WI","Adams County",0,0,0,0,0,0,0,0,0,508613.93,0,0,0,0,0,0,0,0,0,0,0,0
"55013","WI","Burnett County",0,0,0,0,0,0,0,0,0,312000,0,0,0,0,0,0,0,0,0,0,0,0
"55021","WI","Columbia County",0,0,0,0,0,0,0,0,0,8731351.19,0,0,0,0,0,0,0,0,0,0,0,0
"55023","WI","Crawford County",0,0,0,0,0,0,0,0,0,9713226,0,0,0,0,0,0,0,0,0,0,0,0
"55025","WI","Dane County",0,0,0,0,0,0,0,0,0,1056663,0,0,0,0,0,0,0,0,0,0,0,0
"55027","WI","Dodge County",0,0,0,0,0,0,0,0,0,7507990.69,0,0,0,0,0,0,0,0,0,0,0,0
"55039","WI","Fond du Lac County",0,0,0,0,0,0,0,0,0,3985205,0,0,0,0,0,0,0,0,0,0,0,0
"55043","WI","Grant County",0,0,0,0,0,0,0,0,0,3753275.99,0,0,0,0,0,0,0,0,0,0,0,0
"55045","WI","Green County",0,0,0,0,0,0,0,0,0,1516841,0,0,0,0,0,0,0,0,0,0,0,0
"55047","WI","Green Lake County",0,0,0,0,0,0,0,0,0,581430,0,0,0,0,0,0,0,0,0,0,0,0
"55049","WI","Iowa County",0,0,0,0,0,0,0,0,0,2856884.73,0,0,0,0,0,0,0,0,0,0,0,0
"55051","WI","Iron County",0,0,0,0,0,0,0,0,0,331315.82,0,0,0,0,0,0,0,0,0,0,0,0
"55055","WI","Jefferson County",0,0,0,0,0,0,0,0,0,7199835.34,0,0,0,0,0,0,0,0,0,0,0,0
"55057","WI","Juneau County",0,0,0,0,0,0,0,0,0,1105680.43,0,0,0,0,0,0,0,0,0,0,0,0
"55059","WI","Kenosha County",0,0,0,0,0,0,0,0,0,1794408,0,0,0,0,0,0,0,0,0,0,0,0
"55063","WI","La Crosse County",0,0,0,0,0,0,0,0,0,760000,0,0,0,0,0,0,0,0,0,0,0,0
"55065","WI","Lafayette County",0,0,0,0,0,0,0,0,0,247920,0,0,0,0,0,0,0,0,0,0,0,0
"55071","WI","Manitowoc County",0,0,0,0,0,0,0,0,0,26199.28,0,0,0,0,0,0,0,0,0,0,0,0
"55077","WI","Marquette County",0,0,0,0,0,0,0,0,0,452281.39,0,0,0,0,0,0,0,0,0,0,0,0
"55079","WI","Milwaukee County",0,0,0,0,0,0,0,0,0,19739637,0,0,0,0,0,0,0,0,0,0,0,0
"55081","WI","Monroe County",0,0,0,0,0,0,0,0,0,1338390,0,0,0,0,0,0,0,0,0,0,0,0
"55089","WI","Ozaukee County",0,0,0,0,0,0,0,0,0,679000,0,0,0,0,0,0,0,0,0,0,0,0
"55101","WI","Racine County",0,0,0,0,0,0,0,0,0,57000,0,0,0,0,0,0,0,0,0,0,0,0
"55103","WI","Richland County",0,0,0,0,0,0,0,0,0,3977977.86,0,0,0,0,0,0,0,0,0,0,0,0
"55105","WI","Rock County",0,0,0,0,0,0,0,0,0,5948191.26,0,0,0,0,0,0,0,0,0,0,0,0
"55111","WI","Sauk County",0,0,0,0,0,0,0,0,0,11156758,0,0,0,0,0,0,0,0,0,0,0,0
"55117","WI","Sheboygan County",0,0,0,0,0,0,0,0,0,1071194.22,0,0,0,0,0,0,0,0,0,0,0,0
"55123","WI","Vernon County",0,0,0,0,0,0,0,0,0,10565748.78,0,0,0,0,0,0,0,0,0,0,0,0
"55127","WI","Walworth County",0,0,0,0,0,0,0,0,0,168444,0,0,0,0,0,0,0,0,0,0,0,0
"55131","WI","Washington County",0,0,0,0,0,0,0,0,0,814624,0,0,0,0,0,0,0,0,0,0,0,0
"55133","WI","Waukesha County",0,0,0,0,0,0,0,0,0,4942781.9,0,0,0,0,0,0,0,0,0,0,0,0
"55135","WI","Waupaca County",0,0,0,0,0,0,0,0,0,323829,0,0,0,0,0,0,0,0,0,0,0,0
"55139","WI","Winnebago County",0,0,0,0,0,0,0,0,0,1e+06,0,0,0,0,0,0,0,0,0,0,0,0
"6007","CA","Butte County",0,0,0,0,0,0,0,0,0,7238123,0,0,0,0,0,0,0,0,0,0,0,0
"6015","CA","Del Norte County",0,0,0,0,0,0,0,0,0,703737,0,0,0,0,0,0,0,0,0,0,0,0
"6023","CA","Humboldt County",0,0,0,0,0,0,0,0,0,3970215,0,0,0,0,0,0,0,0,0,0,0,0
"6029","CA","Kern County",0,0,0,0,0,0,0,0,0,2146039,0,0,0,0,0,0,0,0,0,0,0,0
"6033","CA","Lake County",0,0,0,0,0,0,0,0,0,87298,0,0,0,0,0,0,0,0,0,0,0,0
"6037","CA","Los Angeles County",0,0,0,0,2060846.66666667,1030423.33333333,0,0,0,5572391,0,0,0,0,0,0,0,0,0,0,0,0
"6043","CA","Mariposa County",0,0,0,0,0,0,0,0,0,7118224,0,0,0,0,0,0,0,0,0,0,0,0
"6045","CA","Mendocino County",0,0,0,0,0,0,0,0,0,59694,0,0,0,0,0,0,0,0,0,0,0,0
"6057","CA","Nevada County",0,0,0,0,0,0,0,0,0,0,0,0,0,0,727517,0,0,0,0,0,0,0
"6059","CA","Orange County",0,0,0,0,0,0,0,0,0,568693,0,0,0,0,0,0,0,0,0,0,0,0
"6063","CA","Plumas County",0,0,0,0,0,0,0,0,0,1141191,0,0,0,0,0,0,0,0,0,0,0,0
"6065","CA","Riverside County",0,0,0,0,0,0,0,0,0,27135,0,0,0,0,0,0,0,0,0,0,0,0
"6067","CA","Sacramento County",0,0,0,0,0,0,0,0,0,2041288,0,0,0,0,0,0,0,0,0,0,0,0
"6071","CA","San Bernardino County",0,0,0,0,2060846.66666667,1030423.33333333,0,0,0,0,0,0,0,0,0,0,0,0,0,0,0,0
"6077","CA","San Joaquin County",0,0,0,0,758044.666666667,379022.333333333,0,0,0,0,0,0,0,0,0,0,0,0,0,0,0,0
"6079","CA","San Luis Obispo County",0,0,0,0,1333333.33333333,666666.666666667,0,0,0,0,0,0,0,0,0,0,0,0,0,0,0,0
"6083","CA","Santa Barbara County",0,0,0,0,569333.333333333,284666.666666667,0,0,0,3386084,0,0,0,0,0,0,0,0,0,0,0,0
"6085","CA","Santa Clara County",0,0,0,0,0,0,0,0,0,162683,0,0,0,0,0,0,0,0,0,0,0,0
"6087","CA","Santa Cruz County",0,0,0,0,0,0,0,0,0,499583,0,0,0,0,0,0,0,0,0,0,0,0
"6089","CA","Shasta County",0,0,0,0,0,0,0,0,0,353215,0,0,0,0,0,0,0,0,0,0,0,0
"6091","CA","Sierra County",0,0,0,0,0,0,0,0,0,0,0,0,0,0,727517,0,0,0,0,0,0,0
"6105","CA","Trinity County",0,0,0,0,0,0,0,0,0,4992607,0,0,0,0,0,0,0,0,0,0,0,0
"6109","CA","Tuolumne County",0,0,0,0,0,0,0,0,0,0,0,0,0,0,41519855,0,0,0,0,0,0,0
"72001","PR","Adjuntas",0,0,0,0,0,0,0,0,0,1415812.67,0,0,0,0,0,0,0,0,0,0,0,0
"72015","PR","Arroyo",0,0,0,0,0,0,0,0,0,2627190.15,0,0,0,0,0,0,0,0,0,0,0,0
"72023","PR","Cabo Rojo",0,0,0,0,0,0,0,0,0,2056176.8,0,0,0,0,0,0,0,0,0,0,0,0
"72035","PR","Cayey",0,0,0,0,126815.5,0,0,0,0,0,0,0,0,0,0,0,0,0,0,0,0,0
"72043","PR","Coamo",0,0,0,0,4e+05,0,0,0,0,0,0,0,0,0,0,0,0,0,0,0,0,0
"72055","PR","Guanica",0,0,0,0,4e+05,0,0,0,0,1216028.47,0,0,0,0,0,0,0,0,0,0,0,0
"72057","PR","Guayama",0,0,0,0,4e+05,0,0,0,0,0,0,0,0,0,0,0,0,0,0,0,0,0
"72059","PR","Guayanilla",0,0,0,0,0,0,0,0,0,1322703.56,0,0,0,0,0,0,0,0,0,0,0,0
"72063","PR","Gurabo",0,0,0,0,4e+05,0,0,0,0,1027378.62,0,0,0,0,0,0,0,0,0,0,0,0
"72069","PR","Humacao",0,0,0,0,0,0,0,0,0,269471.59,0,0,0,0,0,0,0,0,0,0,0,0
"72077","PR","Juncos",0,0,0,0,375000,0,0,0,0,1801020.24,0,0,0,0,0,0,0,0,0,0,0,0
"72079","PR","Lajas",0,0,0,0,4e+05,0,0,0,0,877291.24,0,0,0,0,0,0,0,0,0,0,0,0
"72081","PR","Lares",0,0,0,0,190350,0,0,0,0,0,0,0,0,0,0,0,0,0,0,0,0,0
"72085","PR","Las Piedras",0,0,0,0,220000,0,0,0,0,1016937.81,0,0,0,0,0,0,0,0,0,0,0,0
"72095","PR","Maunabo",0,0,0,0,4e+05,0,0,0,0,1717291.24,0,0,0,0,0,0,0,0,0,0,0,0
"72101","PR","Morovis",0,0,0,0,628185,0,0,0,0,0,0,0,0,0,0,0,0,0,0,0,0,0
"72103","PR","Nabuabo",0,0,0,0,3e+05,0,0,0,0,1503050.45,0,0,0,0,0,0,0,0,0,0,0,0
"72105","PR","Naranjito",0,0,0,0,4e+05,0,0,0,0,0,0,0,0,0,0,0,0,0,0,0,0,0
"72107","PR","Orocovis",0,0,0,0,624825.06,0,0,0,0,0,0,0,0,0,0,0,0,0,0,0,0,0
"72109","PR","Patillas",0,0,0,0,375000,0,0,0,0,1854671.23,0,0,0,0,0,0,0,0,0,0,0,0
"72113","PR","Ponce",0,0,0,0,0,0,0,0,0,715314.69,0,0,0,0,0,0,0,0,0,0,0,0
"72119","PR","Rio Grande",0,0,0,0,4e+05,0,0,0,0,0,0,0,0,0,0,0,0,0,0,0,0,0
"72121","PR","Sabana Grande",0,0,0,0,0,0,0,0,0,213813.36,0,0,0,0,0,0,0,0,0,0,0,0
"72123","PR","Salinas",0,0,0,0,4e+05,0,0,0,0,1106191.24,0,0,0,0,0,0,0,0,0,0,0,0
"72125","PR","San German",0,0,0,0,0,0,0,0,0,417276.92,0,0,0,0,0,0,0,0,0,0,0,0
"72129","PR","San Lorenzo",0,0,0,0,385000,0,0,0,0,2393515.55,0,0,0,0,0,0,0,0,0,0,0,0
"72133","PR","Santa Isabel",0,0,0,0,0,0,0,0,0,403999.53,0,0,0,0,0,0,0,0,0,0,0,0
"72141","PR","Utuado",0,0,0,0,375000,0,0,0,0,1033298.47,0,0,0,0,0,0,0,0,0,0,0,0
"72147","PR","Vieques",0,0,0,0,0,0,0,0,0,0,0,0,0,0,0,0,0,0,0,0,0,0
"72149","PR","Villalba",0,0,0,0,0,0,0,0,0,1325249.42,0,0,0,0,0,0,0,0,0,0,0,0
"72151","PR","Yabucoa",0,0,0,0,0,0,0,0,0,1902022.51,0,0,0,0,0,0,0,0,0,0,0,0
"72153","PR","Yauco",0,0,0,0,504825.06,0,0,0,0,1677291.24,0,0,0,0,0,0,0,0,0,0,0,0
"8001","CO","Adams County",0,0,0,0,0,0,0,0,0,0,0,0,0,996059.790921053,2988179.37276316,0,0,0,0,0,0,0
"8005","CO","Arapahoe County",0,0,0,0,0,0,0,0,0,0,0,0,0,36729.8859210526,110189.657763158,0,0,0,0,0,0,0
"8013","CO","Boulder County",0,0,0,0,0,0,0,0,0,0,0,0,0,74508383.4880044,223525150.464013,0,0,0,0,0,0,0
"8019","CO","Clear Creek County",0,0,0,0,0,0,0,0,0,0,0,0,0,29427.6134210526,88282.8402631579,0,0,0,0,0,0,0
"8025","CO","Crowley County",0,0,0,0,0,0,0,0,0,0,0,0,0,20073.4521710526,60220.3565131579,0,0,0,0,0,0,0
"8031","CO","Denver County",0,0,0,0,0,0,0,0,0,0,0,0,0,1304903.74967105,3914711.24901316,0,0,0,0,0,0,0
"8041","CO","El Paso County",0,0,0,0,0,0,0,0,0,0,0,0,0,4121076.47092105,12363229.4127632,0,0,0,0,0,0,0
"8043","CO","Fremont County",0,0,0,0,0,0,0,0,0,0,0,0,0,1241170.61967105,3723511.85901316,0,0,0,0,0,0,0
"8047","CO","Gilpin County",0,0,0,0,0,0,0,0,0,0,0,0,0,29427.6134210526,88282.8402631579,0,0,0,0,0,0,0
"8049","CO","Grand County",0,0,0,0,0,0,0,0,0,0,0,0,0,81250,243750,0,0,0,0,0,0,0
"8059","CO","Jefferson County",0,0,0,0,0,0,0,0,0,0,0,0,0,154506.412171053,463519.236513158,0,0,0,0,0,0,0
"8065","CO","Lake County",0,0,0,0,0,0,0,0,0,0,0,0,0,20073.4521710526,60220.3565131579,0,0,0,0,0,0,0
"8069","CO","Larimer County",0,0,0,0,0,0,0,0,0,0,0,0,0,36769129.4530044,110307388.359013,0,0,0,0,0,0,0
"8073","CO","Lincoln County",0,0,0,0,0,0,0,0,0,0,0,0,0,20073.4521710526,60220.3565131579,0,0,0,0,0,0,0
"8075","CO","Logan County",0,0,0,0,0,0,0,0,0,0,0,0,0,59397.4596710526,178192.379013158,0,0,0,0,0,0,0
"8087","CO","Morgan County",0,0,0,0,0,0,0,0,0,0,0,0,0,95073.4521710526,285220.356513158,0,0,0,0,0,0,0
"8093","CO","Park County",0,0,0,0,0,0,0,0,0,0,0,0,0,11134248.39375,33402745.18125,0,0,0,0,0,0,0
"8109","CO","Saguache County",0,0,0,0,0,0,0,0,0,0,0,0,0,903.4475,2710.3425,0,0,0,0,0,0,0
"8115","CO","Sedgwick County",0,0,0,0,0,0,0,0,0,0,0,0,0,20073.4521710526,60220.3565131579,0,0,0,0,0,0,0
"8119","CO","Teller County",0,0,0,0,0,0,0,0,0,0,0,0,0,20073.4521710526,60220.3565131579,0,0,0,0,0,0,0
"8121","CO","Washington County",0,0,0,0,0,0,0,0,0,0,0,0,0,20073.4521710526,60220.3565131579,0,0,0,0,0,0,0
"8123","CO","Weld County",0,0,0,0,0,0,0,0,0,589651,0,0,0,24415409.2842544,73246227.8527632,0,0,0,0,0,0,0
"9001","CT","Fairfield County",0,0,0,0,0,0,0,0,0,0,0,0,0,74781061.915,129241662.5,0,0,0,0,0,0,0
"9007","CT","Middlesex County",0,0,0,0,0,0,0,0,0,0,0,0,0,8313504.735,0,0,0,0,0,0,0,0
"9009","CT","New Haven County",0,0,0,0,0,0,0,0,0,0,0,0,0,56978235.265,159733727.5,0,0,0,0,0,0,0
"9011","CT","New London County",0,0,0,0,0,0,0,0,0,0,0,0,0,9679813.715,0,0,0,0,0,0,0,0
